empno,fname,lname,job,mgr,hiredate,sal,comm,dept
1,Chlo,McGarvie,General Manager,19,2016-08-05 04:07:50,167105.34,123517.13,96
2,Alex,Humm,Assistant Media Planner,70,2019-08-14 04:01:21,162370.71,165687.45,51
3,Millard,Thaw,Help Desk Operator,88,2011-06-19 11:28:28,148309.08,141451.56,31
4,Ettie,Lemmen,VP Sales,100,2018-12-01 10:06:37,119891.43,132007.29,91
5,Ertha,Mountney,Staff Accountant III,96,2014-04-17 17:47:15,103030.34,157803.63,21
6,Gigi,Ullyott,Human Resources Assistant IV,94,2020-05-16 22:22:24,165707.14,152263.29,34
7,Missy,Melarkey,Professor,81,2017-05-19 17:07:13,126588.43,144330.49,87
8,Ariela,Hearnden,Professor,18,2018-06-05 14:56:14,155120.69,184813.12,22
9,Case,Segar,Assistant Professor,76,2010-09-03 22:23:21,149778.69,117032.42,95
10,Mitzi,Pavelka,Accounting Assistant III,47,2017-11-15 23:11:35,168856.59,178510.27,83
11,Eugenius,Potier,Junior Executive,64,2019-05-29 17:44:23,109915.41,148203.18,56
12,Elaina,Peeter,Librarian,14,2010-06-19 18:33:28,142686.05,184758.55,12
13,Magdalen,Mandrey,Environmental Tech,100,2014-07-31 06:37:54,155576.67,138971.22,18
14,Meagan,Studders,Statistician IV,66,2013-01-09 23:37:31,163773.23,183454.08,14
15,Hodge,Goodley,Biostatistician III,52,2011-09-06 03:14:09,179935.21,164426.79,78
16,Sofie,Alessandone,Research Assistant I,40,2015-01-28 20:06:07,134579.44,108248.98,79
17,Waldon,Arlidge,Budget/Accounting Analyst IV,90,2013-03-12 22:57:10,132174.22,116355.92,36
18,Vicki,Sundin,Graphic Designer,52,2019-04-05 20:44:01,115436.09,153309.54,85
19,Hamlen,Bedson,Design Engineer,84,2010-11-29 04:31:28,153745.80,101535.63,55
20,Alysa,Frost,Computer Systems Analyst III,71,2013-01-28 05:42:20,174404.22,155601.09,19
21,Myrah,Leivers,Software Consultant,76,2011-11-30 02:05:13,137608.02,151978.16,66
22,Clim,Middlemist,Paralegal,86,2014-01-29 07:01:20,154694.25,108911.01,13
23,Franky,Bartolomeoni,VP Product Management,19,2011-12-24 14:27:38,133554.14,135687.46,69
24,Ray,Zannotelli,Database Administrator IV,35,2018-01-25 13:14:32,182693.29,143485.26,79
25,Adelind,Kaine,Recruiter,66,2019-05-08 07:11:34,164870.37,140141.69,56
26,Norri,Malicki,Graphic Designer,18,2014-12-27 16:54:57,116416.88,164167.10,53
27,Adrien,Defont,Engineer II,28,2014-11-22 08:08:32,138200.26,106744.78,66
28,Orson,Jarrell,Help Desk Operator,96,2019-08-18 21:50:00,146879.29,167311.83,63
29,Corina,Rennicks,Statistician III,85,2018-11-26 06:02:55,152953.77,108051.17,92
30,Raeann,Manser,Administrative Assistant II,26,2014-11-26 01:30:43,108390.00,170307.62,59
31,Town,Backsal,Financial Analyst,28,2019-09-20 04:15:07,117062.04,136556.91,17
32,Alisa,Drews,Sales Representative,42,2017-07-07 08:39:04,172543.66,108161.31,10
33,Bertrand,Nijs,Research Nurse,29,2017-05-22 20:55:59,155093.61,183014.83,95
34,Ainsley,Dullingham,Nuclear Power Engineer,49,2010-11-07 18:08:36,156164.47,124198.69,78
35,Nels,Dowgill,Associate Professor,72,2017-10-18 01:36:19,153890.11,142025.01,78
36,Bing,Nairns,Food Chemist,67,2012-06-25 13:40:01,160308.60,101969.45,14
37,Steffane,Standrin,Occupational Therapist,72,2009-05-29 03:43:29,150422.28,162086.44,54
38,Jordanna,Boarder,Senior Editor,62,2015-05-05 02:49:20,178362.20,171114.49,24
39,Katrine,Twyford,Accountant III,88,2013-01-13 06:20:45,161536.10,167491.75,42
40,Carola,Scholes,Nuclear Power Engineer,64,2010-04-03 06:23:19,167542.99,164728.45,49
41,Quinta,Kaaskooper,Senior Cost Accountant,86,2014-05-19 12:29:46,166230.10,184728.96,94
42,Heywood,Lanceley,Junior Executive,63,2016-08-06 21:38:55,175369.41,163024.74,63
43,Rayner,Youson,Account Representative III,12,2019-12-07 02:37:16,138681.12,151786.06,48
44,Earlie,Weddeburn - Scrimgeour,Staff Scientist,49,2009-06-06 18:13:24,173035.34,109955.75,24
45,Ingra,Ferrant,Senior Developer,30,2013-04-09 00:12:22,103615.46,153278.26,68
46,Audy,Bumfrey,Dental Hygienist,82,2012-10-29 12:54:26,123366.25,181053.24,17
47,Marsh,Yosevitz,Community Outreach Specialist,33,2011-09-30 05:12:22,174739.00,131268.74,71
48,Prescott,Redsall,Senior Quality Engineer,40,2019-02-28 07:56:08,141223.26,140035.58,78
49,Augy,Dronsfield,Administrative Officer,33,2015-01-29 23:16:08,127110.51,157782.02,12
50,Marcelle,Yarwood,Clinical Specialist,84,2017-01-06 21:48:12,168125.96,103563.91,62
51,Sheila,Tattersdill,Design Engineer,49,2009-11-28 19:37:47,154350.22,143667.25,12
52,Lowrance,Basill,Account Representative II,25,2011-08-12 17:06:58,126029.71,180329.08,35
53,Tan,Vernazza,Statistician III,28,2011-06-09 09:01:39,138552.63,167584.59,88
54,Enoch,Tiley,Accountant IV,84,2010-06-16 11:23:51,108344.91,159082.72,21
55,Geri,Quirk,Office Assistant II,84,2010-01-05 02:13:40,170065.18,181693.04,48
56,Rosabella,Bazeley,Tax Accountant,14,2019-10-15 02:21:40,100834.29,145055.04,75
57,Bernice,Hans,Information Systems Manager,66,2017-09-04 10:12:21,118070.46,184833.65,47
58,Terri,Ridpath,Data Coordiator,42,2012-05-19 15:34:07,112974.53,172164.45,74
59,Nichole,Blaxton,Technical Writer,13,2019-01-17 17:05:05,121548.57,180472.58,39
60,Ginevra,Marcus,Internal Auditor,99,2011-03-26 15:29:42,136509.34,182885.77,64
61,Pennie,Coda,Occupational Therapist,86,2013-03-29 17:09:46,166653.09,110226.49,92
62,Nicola,Arenson,Quality Control Specialist,53,2012-02-23 15:41:18,102684.80,122867.65,46
63,Hilde,Addicott,Web Developer III,14,2014-07-06 06:21:06,177266.00,147657.33,57
64,Reggie,Voas,Electrical Engineer,71,2010-03-01 03:44:27,163387.72,160638.29,31
65,Pietrek,Dodwell,Analyst Programmer,28,2017-06-22 07:36:34,137386.64,179091.80,64
66,Alverta,Storry,Quality Engineer,95,2015-07-07 03:56:31,109253.95,110351.77,58
67,Martha,Le Blanc,Physical Therapy Assistant,50,2016-01-25 05:06:40,163406.80,152602.75,52
68,Buck,Skyme,Programmer Analyst IV,10,2015-01-22 10:17:39,156620.99,147826.70,57
69,Cynde,Ivashintsov,Programmer IV,89,2012-11-15 23:59:31,130201.68,143552.56,37
70,Tommy,Fitzackerley,Financial Analyst,86,2009-11-10 10:20:03,106809.04,147955.31,26
71,Tiebold,Kristoffersen,Computer Systems Analyst II,34,2009-07-02 14:49:38,164690.15,126952.31,76
72,Iormina,Piddock,Internal Auditor,82,2010-11-03 04:30:17,125013.19,146528.48,27
73,Mommy,Salvatore,Safety Technician I,40,2015-08-30 17:01:06,182360.36,154293.06,22
74,Charlena,Mattys,Structural Engineer,76,2013-07-06 13:21:24,118159.90,123175.93,38
75,Palmer,Gooley,Human Resources Manager,35,2013-09-13 23:07:52,146553.50,139018.59,84
76,Regine,Swadlen,Sales Representative,36,2010-06-28 00:50:14,144807.16,177595.78,65
77,Berta,Garey,GIS Technical Architect,71,2010-09-18 17:32:48,144401.04,127116.13,27
78,Conny,De Moreno,Cost Accountant,82,2009-10-05 04:28:44,110842.15,112794.76,65
79,Rich,Willingale,Account Representative IV,96,2020-01-18 09:24:31,135257.53,118398.12,34
80,Gwendolyn,Boteman,Budget/Accounting Analyst IV,98,2013-12-27 03:08:33,122747.96,162405.63,51
81,Elonore,Kondrachenko,Staff Scientist,70,2013-08-08 20:04:27,124432.84,133962.34,65
82,Kathryne,Abbado,Quality Engineer,95,2015-05-23 05:16:19,109729.37,103290.94,60
83,Nadiya,Padula,Human Resources Assistant IV,31,2009-12-18 20:26:38,134028.06,140144.12,36
84,Gustie,Trenaman,Staff Accountant I,35,2018-09-14 20:04:47,175148.60,141126.69,91
85,Horace,Albrook,Media Manager IV,100,2018-03-02 05:59:10,153588.09,183039.61,69
86,Isabella,Rickertsen,Assistant Professor,15,2009-05-04 08:15:28,131405.70,102283.24,74
87,Kalle,Wraith,Accounting Assistant IV,86,2011-01-29 09:49:27,125054.08,172799.74,96
88,Tommi,Michal,Technical Writer,21,2016-08-18 02:32:10,150003.34,149473.24,55
89,Chance,Pasmore,Account Coordinator,11,2012-02-13 10:37:57,124490.33,147771.00,10
90,Traci,Crates,Mechanical Systems Engineer,76,2014-07-27 00:56:16,143024.19,168901.58,94
91,Fayette,Askwith,Operator,71,2014-07-13 22:22:30,109543.34,118297.60,90
92,Roseline,Cargill,Structural Engineer,27,2015-12-13 08:40:31,138976.14,114965.16,88
93,Lisetta,Bunney,Recruiter,91,2016-06-23 08:32:32,120106.14,170344.60,97
94,Lyssa,Spelling,Paralegal,81,2016-11-18 20:48:42,172527.04,106449.68,99
95,Denice,Allatt,Human Resources Assistant II,24,2018-12-14 23:23:52,171489.12,160431.05,92
96,Tatiana,Joesbury,Research Assistant IV,11,2018-02-15 10:39:54,179729.73,106697.12,27
97,Fergus,Fante,Physical Therapy Assistant,90,2014-12-02 13:11:29,159356.22,159547.40,31
98,Derby,Trehearn,VP Product Management,75,2017-01-07 04:55:18,129552.32,176358.21,83
99,Beverlee,Mantrip,Media Manager I,17,2013-10-09 15:24:41,128053.25,137488.69,50
100,Lulu,Rayworth,Data Coordiator,20,2015-09-08 19:48:03,124746.84,147568.65,46
101,Guthrie,Longbottom,Assistant Media Planner,17,2020-01-23 20:58:19,175119.98,158289.44,59
102,Ambrosio,Gorler,Director of Sales,95,2011-09-17 22:32:22,121529.32,129865.65,28
103,Karie,Allin,Senior Quality Engineer,37,2016-03-01 23:38:05,159475.75,112695.91,35
104,Fran,Larmett,VP Accounting,21,2011-07-01 19:47:52,153790.16,124436.51,20
105,Brook,Bellee,Research Nurse,68,2020-02-15 19:59:31,102175.84,112706.47,26
106,Sly,Pawels,Director of Sales,45,2014-05-21 20:19:37,167114.95,181519.34,14
107,Lorianna,Maxwaile,Compensation Analyst,29,2012-11-20 21:28:56,139683.88,163903.15,51
108,Cherilyn,Lawdham,Software Consultant,13,2016-11-23 16:08:34,128279.58,134498.32,17
109,Mendy,Caughey,Sales Representative,33,2010-06-21 04:12:15,164957.83,145471.41,70
110,Thalia,Smeeton,Professor,56,2016-08-20 03:11:26,132291.85,125501.93,61
111,Easter,Higgonet,Computer Systems Analyst II,54,2010-02-11 11:40:10,130113.35,120220.21,29
112,Jade,Mallabon,Software Consultant,77,2016-01-14 16:12:28,163499.27,181050.29,99
113,Caz,Cashman,Chemical Engineer,21,2019-04-18 04:10:00,155320.24,138203.91,74
114,Katleen,Brookshaw,Automation Specialist II,85,2015-08-02 05:37:00,168014.19,171859.71,84
115,Aurthur,Corden,Clinical Specialist,61,2018-11-22 14:20:12,143514.12,102950.58,89
116,Meggi,Bernli,Marketing Assistant,66,2014-06-24 10:42:22,134688.09,111933.19,70
117,Prudence,Chrisp,Staff Accountant I,67,2012-11-16 06:01:56,148774.53,137596.23,24
118,Ricky,Tomasz,Media Manager I,35,2010-03-02 05:50:07,158140.68,119061.78,16
119,Traver,Cottu,Analog Circuit Design manager,45,2019-07-01 09:50:49,154829.01,157459.64,25
120,Brandise,Roblett,Electrical Engineer,48,2016-05-25 11:57:00,101571.07,182935.22,91
121,Francois,Topley,Account Executive,32,2010-05-14 17:12:32,148060.61,149362.58,44
122,Deloria,Snoxall,Design Engineer,24,2017-02-09 17:38:02,127899.68,144742.41,85
123,Phillis,Teese,Legal Assistant,17,2014-07-25 09:16:16,132468.54,131294.76,41
124,Marianne,Hundley,Financial Advisor,45,2016-12-15 22:17:28,136101.63,112455.13,57
125,Donnie,Spellesy,Accountant IV,12,2011-10-29 19:24:28,112134.50,175582.06,27
126,Judi,Schruur,Research Nurse,93,2010-12-13 08:41:17,155511.30,100036.06,73
127,Margarethe,Frankiss,Account Executive,71,2016-02-11 07:52:22,138590.18,149765.45,93
128,Tiff,Guillet,Safety Technician IV,87,2013-07-22 09:16:51,155684.76,122257.30,48
129,Sydelle,Loads,Financial Analyst,90,2019-10-02 05:28:40,173302.31,155037.92,68
130,Bel,Coronas,Food Chemist,21,2020-05-05 20:00:28,124849.97,174447.06,75
131,Justino,Jantot,VP Accounting,79,2010-03-06 22:05:38,145545.75,121312.54,57
132,Flin,De Dei,Registered Nurse,17,2012-05-06 07:38:03,169775.58,105606.02,90
133,Lura,Kitcatt,Account Executive,50,2018-12-09 06:22:16,155400.30,110142.40,63
134,Rhys,Daniell,Software Consultant,27,2014-05-28 23:17:26,127331.09,108428.60,72
135,Averyl,Catford,Data Coordiator,28,2011-07-14 09:56:56,125865.70,149040.02,14
136,Carson,Giffard,Tax Accountant,98,2016-05-14 23:59:03,139484.92,127313.84,68
137,Malorie,Taill,Office Assistant II,89,2013-01-03 10:56:24,161604.32,108423.28,96
138,Trix,MacCole,Senior Financial Analyst,92,2018-05-01 05:29:12,151499.65,147211.31,89
139,Nehemiah,Gerish,Accountant I,44,2013-12-06 22:49:43,183388.19,174036.44,88
140,Bonnie,Filipovic,Database Administrator IV,27,2018-04-18 05:25:28,169468.19,176293.24,45
141,Esma,Fairbourn,Professor,38,2018-02-25 00:36:48,130708.87,155770.27,100
142,Nico,Corish,VP Quality Control,41,2012-12-09 02:11:31,155798.58,115328.69,56
143,Zackariah,Wehner,Executive Secretary,19,2016-05-19 04:30:29,157487.76,143710.12,68
144,Cecile,MacGlory,Senior Cost Accountant,33,2013-10-16 12:57:35,173645.44,137333.62,78
145,Adan,Matton,Technical Writer,65,2013-03-04 14:07:45,172556.86,104989.94,31
146,Gretna,Angear,Accounting Assistant I,86,2018-09-15 00:57:44,165913.58,141616.91,54
147,Celene,Spiaggia,Research Nurse,98,2011-11-12 18:15:10,140829.50,136558.59,99
148,Shannah,Nilges,Senior Sales Associate,98,2018-08-10 13:24:16,137215.87,142624.20,26
149,Roxanna,Garnall,Analog Circuit Design manager,36,2012-04-22 14:50:18,122039.07,162872.38,97
150,Amy,Seydlitz,Help Desk Technician,34,2011-09-23 01:59:40,135038.25,122069.07,12
151,Amaleta,Duckham,Accountant III,37,2011-07-18 06:11:35,106937.43,140142.20,91
152,Elbertine,Cressor,Librarian,16,2018-06-13 01:28:32,115417.25,153738.72,17
153,Shandee,Losebie,Help Desk Technician,38,2019-01-12 22:19:35,133720.43,121246.62,42
154,Scarface,Dampier,Analog Circuit Design manager,92,2013-04-14 23:55:49,159079.09,120825.10,44
155,Chloris,Ilem,Automation Specialist I,93,2014-01-04 08:58:57,163091.21,172405.68,45
156,Alexina,Hanniger,Assistant Manager,82,2016-11-17 22:45:58,104375.09,181188.29,29
157,Clerissa,Chettle,Nurse,57,2012-06-10 00:40:19,182106.23,116264.12,58
158,Lorin,Genike,Teacher,33,2016-04-20 10:14:11,161228.51,173315.99,53
159,Jenn,Vischi,VP Sales,80,2016-02-01 11:21:28,182793.88,158463.17,79
160,Bobette,Boothebie,Account Coordinator,30,2018-02-08 21:31:32,141092.67,139917.18,91
161,Colly,Szimoni,Junior Executive,53,2019-04-17 06:58:27,169736.15,175776.19,92
162,Sandy,Delong,Biostatistician II,72,2009-10-29 00:30:32,149420.91,102708.11,35
163,Booth,O'Dowd,Professor,59,2010-05-24 21:06:28,138534.60,127664.09,56
164,Selig,Beesley,Geological Engineer,61,2019-05-17 11:01:51,145169.71,116798.60,90
165,Charmain,Pegg,Food Chemist,84,2009-07-07 11:28:48,149718.42,151141.97,18
166,Tanny,Fasler,Safety Technician I,66,2009-09-04 21:10:05,148332.98,122228.40,63
167,Rowena,Adlam,Product Engineer,56,2011-06-30 20:01:19,130129.72,140080.49,96
168,Nissa,Giberd,Software Test Engineer I,83,2011-11-02 23:09:54,121995.34,111094.08,26
169,Jaynell,Rosensaft,Assistant Professor,18,2019-10-12 00:37:16,132584.29,150512.97,74
170,Ellynn,Maplestone,Electrical Engineer,49,2015-12-04 10:06:38,127545.99,142966.51,86
171,Nerti,Brason,Automation Specialist IV,70,2012-04-24 04:57:48,154344.49,122333.72,49
172,Lilian,Deshorts,Software Consultant,79,2017-11-18 13:57:23,127578.73,166816.94,24
173,Annaliese,Bennet,Developer II,34,2010-11-25 08:27:26,136528.21,180113.16,21
174,Niki,Boice,Nurse,42,2012-01-18 04:08:39,143329.82,133296.18,61
175,Hillier,Pedwell,Junior Executive,91,2013-01-30 04:51:55,152003.61,106900.66,79
176,Brit,Vella,Developer IV,56,2018-04-08 18:35:00,130294.57,114470.37,83
177,Rheba,Hasely,Budget/Accounting Analyst II,13,2020-02-16 19:34:48,116978.55,124198.26,12
178,Abagael,Radnage,Senior Developer,50,2010-08-02 19:47:03,169488.23,145868.13,15
179,Amalie,Ewenson,Data Coordiator,27,2013-11-23 11:32:34,126407.50,164548.98,92
180,Freedman,Di Gregorio,Biostatistician III,75,2020-03-30 06:00:04,175954.62,134043.88,87
181,Cyb,Fice,Analyst Programmer,54,2019-06-28 10:52:39,112612.94,148178.50,100
182,Foss,Chaimson,Administrative Assistant IV,33,2014-08-14 06:53:42,183758.19,123431.92,10
183,Collete,Lortzing,Information Systems Manager,69,2010-09-09 12:10:41,102347.05,112592.49,99
184,Ettie,Raulston,Project Manager,56,2016-05-19 11:33:53,156617.69,112227.36,84
185,Gayler,Scutter,Research Assistant IV,57,2013-05-08 17:23:09,161812.74,109316.78,58
186,Perceval,Brugh,Accountant I,96,2019-10-07 17:25:01,168488.92,157361.35,93
187,Aimil,Best,Software Test Engineer I,33,2010-06-30 02:03:40,117704.22,127737.58,98
188,Kane,Cormode,Financial Advisor,86,2017-10-25 03:53:44,145100.08,149055.51,34
189,Ursuline,Lilloe,Media Manager I,83,2019-05-29 22:21:46,156764.53,121865.78,96
190,Gracia,Bottlestone,Chief Design Engineer,41,2015-11-05 12:30:05,154971.88,137270.00,76
191,Ramsay,Wilcinskis,Senior Sales Associate,15,2013-11-07 21:01:20,121521.56,144938.83,79
192,Cris,Bendix,Teacher,35,2019-09-13 06:19:00,102148.52,168437.21,97
193,Teirtza,McGunley,Pharmacist,74,2016-06-13 02:32:44,133227.03,141892.81,71
194,Maurene,Huxstep,Financial Advisor,95,2011-12-07 08:15:35,166343.37,107351.61,56
195,Naomi,Newark,Clinical Specialist,56,2017-10-08 08:25:09,108457.81,152121.42,86
196,Yvette,Rimmington,Legal Assistant,22,2011-10-29 11:12:17,124652.07,120724.17,22
197,Arabelle,Goodbarr,Help Desk Operator,89,2016-06-26 22:03:52,139752.84,169904.77,24
198,Rafa,Digger,Environmental Specialist,16,2016-01-09 00:55:26,165270.26,105188.30,72
199,Damian,Jerok,Programmer Analyst IV,13,2016-10-15 14:13:50,174057.88,155462.41,53
200,Catherine,MacIlwrick,Recruiting Manager,97,2018-03-17 09:31:52,144682.28,143998.43,45
201,Darlene,Ashman,Assistant Media Planner,98,2019-08-16 12:17:04,143465.77,174891.30,26
202,Dionis,Conahy,Assistant Manager,70,2018-06-16 14:46:54,105608.30,118410.39,69
203,Shandra,Janku,Senior Sales Associate,34,2011-05-18 12:37:17,102479.40,180053.84,37
204,Otes,Scrowston,Internal Auditor,16,2012-03-28 07:47:04,122825.49,114725.66,56
205,Barbabra,Tomeo,Automation Specialist I,88,2018-10-10 19:01:03,168469.84,119325.95,78
206,Merna,Doncaster,Nurse,85,2017-03-31 15:58:16,158884.06,126760.11,13
207,Emerson,Wigmore,Community Outreach Specialist,23,2019-05-03 10:26:39,157836.13,157134.73,63
208,Star,Wolstencroft,Database Administrator III,66,2012-10-15 22:43:58,156390.44,125439.59,58
209,Willey,Strasse,Social Worker,60,2017-04-07 09:09:35,132423.57,156685.56,15
210,Austin,Brenton,Civil Engineer,77,2017-03-17 06:52:30,177490.29,110423.81,96
211,Jason,Pariss,Occupational Therapist,80,2019-04-17 02:43:18,150405.01,137887.55,19
212,Lona,Copestake,Teacher,64,2013-03-19 13:09:14,142504.33,175514.71,56
213,Anastassia,O'Shiels,Compensation Analyst,10,2012-03-15 23:30:45,181629.29,164487.10,45
214,Tabbie,Vlies,Budget/Accounting Analyst IV,25,2010-05-04 22:08:29,156162.85,118298.45,12
215,Worthington,Longhi,Sales Representative,62,2019-01-25 18:00:37,105354.61,150566.77,55
216,Torrence,Slad,Research Assistant III,70,2009-12-15 15:06:13,125602.69,128129.76,53
217,Mariele,Janc,Developer IV,69,2015-01-09 11:41:57,148697.70,117495.32,12
218,Onofredo,Craigg,Staff Scientist,89,2010-11-08 09:06:15,146488.87,133106.20,23
219,Gallard,De Normanville,Recruiting Manager,90,2016-03-21 03:30:59,109915.98,159676.58,32
220,Kermy,Cork,Nuclear Power Engineer,16,2014-08-25 10:46:03,171795.35,171447.76,38
221,Carlin,Corona,VP Accounting,84,2015-05-01 13:18:06,131826.65,142153.78,36
222,Llewellyn,Colston,Accounting Assistant I,70,2010-04-07 23:43:27,177651.84,183883.92,91
223,Mireille,Heimann,Pharmacist,45,2012-04-01 05:31:01,146916.09,148311.31,93
224,Melicent,Wickstead,Senior Developer,47,2014-05-27 06:34:26,117777.75,118240.43,68
225,Ulysses,Koles,Help Desk Technician,61,2018-11-07 14:48:14,122975.61,104282.11,26
226,Jonah,Mallall,Research Assistant IV,22,2014-03-06 11:02:02,139521.07,112082.66,37
227,Lalo,Grady,Executive Secretary,63,2013-10-29 15:00:35,155125.40,113046.72,94
228,Joseph,Artingstall,Computer Systems Analyst I,78,2015-07-02 12:31:32,106552.79,174558.63,68
229,Zacharie,Herculson,Dental Hygienist,44,2015-02-22 04:29:00,127478.28,135901.59,19
230,Chloris,Maruska,Account Executive,48,2018-04-23 17:35:18,105553.06,173690.53,33
231,Esme,Krzysztofiak,Electrical Engineer,15,2013-03-26 06:37:44,127851.56,140798.26,71
232,Nye,Swedeland,Programmer Analyst II,70,2009-08-14 10:33:36,172632.41,173386.35,76
233,Pearce,Forri,General Manager,37,2015-03-03 04:18:27,139415.66,134533.92,93
234,Merl,Brompton,Assistant Media Planner,74,2019-12-04 12:03:29,173061.58,147027.43,62
235,Valenka,Channon,Geological Engineer,15,2017-05-30 19:37:26,150642.10,123555.43,75
236,Gisele,Childs,Account Coordinator,48,2019-12-01 04:18:33,171710.17,162935.09,79
237,Rozelle,Tures,Senior Sales Associate,50,2013-07-29 21:35:45,100003.55,107767.28,88
238,Sherill,Keeting,Information Systems Manager,77,2014-07-19 01:09:54,122427.72,128133.91,83
239,Ariella,Mott,Developer III,86,2020-05-10 20:19:23,100178.89,123101.26,99
240,Vladamir,Luckes,Account Representative I,87,2015-05-07 20:00:20,101851.65,157827.92,60
241,Nate,Luna,Computer Systems Analyst I,25,2010-07-06 09:34:33,109398.31,117222.54,89
242,Gardiner,Pennetti,Nurse Practicioner,36,2009-10-09 04:25:21,105481.52,128081.45,17
243,Chad,Beauvais,Budget/Accounting Analyst IV,53,2013-05-21 11:08:45,147667.27,103854.33,39
244,Kalli,Karp,Speech Pathologist,82,2014-01-21 16:40:43,121676.50,159134.61,53
245,Etty,Grant,Software Consultant,38,2015-07-26 01:32:13,146984.79,140470.68,59
246,Veda,Lukas,Research Nurse,12,2020-02-18 04:42:47,105904.54,171554.37,37
247,Dorie,Pietasch,Accounting Assistant I,21,2017-01-04 06:34:16,173041.67,123694.42,92
248,Guy,Strettle,Statistician II,38,2019-09-16 10:24:36,176957.93,171716.31,87
249,Barbi,Brobyn,Engineer I,33,2014-06-02 04:58:04,175761.79,184618.76,40
250,Ellerey,Freire,Help Desk Technician,66,2016-02-15 20:15:21,102378.47,121775.27,97
251,Rebekkah,Menichino,Senior Financial Analyst,95,2015-08-25 20:45:25,179684.98,134690.52,37
252,Selig,Fullom,Structural Analysis Engineer,75,2018-12-24 09:16:09,140320.63,134929.75,73
253,Arther,Groomebridge,Media Manager III,24,2019-02-05 22:57:39,158806.58,119726.77,37
254,Goldarina,Ullock,Physical Therapy Assistant,28,2017-08-07 04:41:27,119556.94,120613.97,80
255,Judy,Bole,VP Quality Control,36,2010-08-07 18:15:08,119269.97,146418.56,32
256,Maddy,Laidlaw,Environmental Tech,10,2011-11-11 10:08:26,176410.14,120970.66,31
257,Petronille,Pendlebury,Teacher,49,2019-11-16 09:59:30,135942.83,115754.25,26
258,Christan,Cleave,Payment Adjustment Coordinator,24,2009-09-18 20:17:04,111515.74,122631.52,66
259,Xenos,Tidbold,Tax Accountant,62,2011-01-16 14:50:50,152687.79,152643.33,64
260,Pearle,Forsbey,GIS Technical Architect,76,2016-07-01 14:54:10,131006.53,148041.93,61
261,Beryl,Maciocia,Help Desk Operator,35,2013-11-07 04:42:51,178259.88,153965.33,19
262,Lilah,Slay,Financial Advisor,78,2016-08-13 20:30:22,170261.94,108266.90,30
263,Andra,Ceschelli,Assistant Media Planner,84,2014-08-17 12:13:22,138811.48,158772.61,35
264,Anthe,Bruinsma,Operator,46,2016-06-26 11:40:41,125554.69,150872.82,98
265,Sheffie,Prestney,Business Systems Development Analyst,43,2016-11-29 15:19:31,121373.41,136651.22,27
266,Lyman,Keddey,Senior Editor,74,2013-09-23 15:59:38,114958.09,127134.40,30
267,Fairlie,Goudman,VP Marketing,74,2016-09-22 03:33:20,166048.27,111316.31,78
268,Kissiah,Beldam,VP Sales,75,2014-12-07 12:02:55,127633.46,170837.06,95
269,Loren,Wakes,Database Administrator IV,34,2012-10-12 07:33:51,176944.82,163775.55,62
270,Rees,Broadberry,Mechanical Systems Engineer,15,2019-04-07 06:21:42,158840.66,149006.60,85
271,Kahaleel,Brasted,Executive Secretary,52,2019-12-31 19:01:07,149509.67,131941.10,26
272,Roxana,Martinelli,Professor,79,2010-03-06 16:40:35,143593.46,175863.36,32
273,Eugenia,Fortune,Operator,16,2019-07-26 10:06:46,183908.79,155886.54,16
274,Evangelina,Caldes,Senior Quality Engineer,78,2018-02-18 03:13:09,104842.87,132737.73,62
275,Kyle,Lerhinan,GIS Technical Architect,14,2011-02-09 08:23:57,182052.98,113050.89,21
276,Evvie,Pruce,Senior Cost Accountant,87,2013-12-04 19:59:45,162461.87,168358.95,37
277,Nikita,Cabedo,Web Designer I,69,2011-03-26 13:22:50,174588.36,141399.66,73
278,Bartholomeo,Fairpo,Tax Accountant,74,2019-05-15 09:37:28,108731.94,137257.15,28
279,Celesta,Canario,Clinical Specialist,27,2010-03-22 06:37:47,122703.16,120536.09,72
280,Essa,Alster,Cost Accountant,53,2019-05-27 11:55:30,110610.04,158358.48,71
281,Park,Nafziger,Community Outreach Specialist,90,2013-05-01 01:26:49,181258.31,149527.47,30
282,Sterling,Claye,Technical Writer,50,2019-06-07 04:06:33,163267.94,155105.96,25
283,Ethelyn,Mehew,Marketing Manager,86,2011-01-01 14:37:50,157469.73,135496.30,15
284,Griz,Keelin,Associate Professor,54,2011-11-20 14:56:41,118896.08,161474.87,58
285,Linette,Spancock,GIS Technical Architect,24,2015-06-08 17:13:04,138639.13,105812.84,59
286,Shannon,Taillant,Engineer III,54,2018-12-18 22:22:19,168220.04,111905.63,28
287,Kippy,Lewcock,Account Representative III,64,2018-10-10 10:25:57,110616.74,118164.66,65
288,Cyrill,Hullock,Electrical Engineer,67,2013-08-05 11:44:55,111949.55,119918.84,51
289,Tam,Vickery,Operator,44,2010-05-01 05:44:53,122233.98,113957.85,22
290,Esther,Holdey,Mechanical Systems Engineer,83,2013-10-12 12:30:52,106843.62,149300.42,33
291,Parrnell,Major,Software Consultant,63,2015-02-02 03:11:27,102939.84,152349.44,12
292,Lynelle,Millins,Dental Hygienist,96,2012-10-08 12:03:38,167689.17,158233.74,50
293,Minnaminnie,Addicote,Pharmacist,10,2014-09-21 01:45:21,163408.85,146169.27,55
294,Otis,Circuitt,Registered Nurse,34,2011-05-31 08:15:29,101589.32,169923.45,46
295,Karmen,Fearney,Social Worker,29,2017-02-04 05:16:46,136282.84,116532.49,44
296,Danyelle,Humbee,Analyst Programmer,93,2016-08-24 16:25:47,109579.60,137425.08,22
297,Hannah,Froud,Human Resources Assistant IV,12,2010-03-01 11:01:00,154358.34,176822.74,77
298,Sybil,Haton,Marketing Assistant,21,2019-05-16 02:35:09,137969.10,156357.19,55
299,Tova,Iglesia,Professor,82,2018-02-09 10:46:07,155364.18,121655.06,86
300,Gerladina,Evenett,Legal Assistant,86,2013-08-19 04:16:26,141974.06,146776.71,26
301,Helene,Daoust,Data Coordiator,27,2011-05-11 02:01:57,164891.75,158536.66,12
302,Garvey,Lardeux,Tax Accountant,36,2018-06-27 10:12:00,124571.13,161560.44,76
303,Adoree,Lerohan,Health Coach II,67,2014-08-13 17:43:39,155089.75,102874.12,50
304,Onfroi,Yallowley,Nurse,71,2013-04-18 22:49:05,146008.74,173452.38,32
305,Gloriana,Seagood,Tax Accountant,100,2011-06-07 11:08:36,183525.58,116742.30,71
306,Danette,Gatrill,Programmer II,56,2018-06-16 13:31:52,138255.30,156230.75,10
307,Paolo,Phateplace,Computer Systems Analyst II,51,2014-06-22 00:44:45,115953.00,167564.72,92
308,Brear,Tompkins,Information Systems Manager,37,2011-09-23 12:50:01,138678.48,110669.14,24
309,Belicia,Rieflin,Project Manager,95,2012-06-25 23:09:30,156471.52,140498.97,41
310,Brena,Hinnerk,Programmer Analyst II,98,2014-08-01 16:55:28,115698.03,123321.05,49
311,Raeann,McAlarney,Automation Specialist III,42,2019-08-12 06:32:14,111598.75,149161.63,62
312,Hercule,Truesdale,Account Coordinator,37,2015-01-17 07:17:36,133400.44,108195.36,53
313,Orson,Andrei,VP Accounting,54,2010-10-04 16:24:03,182340.10,179449.41,23
314,Randolf,Oliveto,Staff Scientist,61,2019-09-07 19:46:33,174802.09,100517.47,55
315,Madge,Pasfield,General Manager,39,2013-07-04 00:18:22,140063.51,162501.68,44
316,Myron,Laffin,VP Product Management,69,2014-08-19 09:06:02,101116.45,161824.25,30
317,Costa,Barnhart,Research Assistant III,40,2019-07-21 15:45:35,150018.89,107576.52,93
318,Isidoro,Thurgood,Automation Specialist II,51,2017-12-09 05:55:18,183053.00,175918.81,98
319,Kippie,Eads,Computer Systems Analyst I,52,2017-11-17 19:49:29,171602.34,139329.26,36
320,Karole,Veldens,Environmental Tech,62,2016-06-16 22:45:08,109734.91,163210.65,52
321,Marius,Hallam,VP Quality Control,31,2016-01-27 11:49:22,124697.00,159919.78,80
322,Marieann,McEnery,Registered Nurse,58,2016-12-09 13:26:17,166479.12,181957.45,20
323,Mallorie,Pughsley,Financial Analyst,50,2016-05-13 10:48:54,121131.62,107177.27,75
324,Sibilla,Sikorsky,Librarian,65,2011-12-10 00:06:01,171351.28,144385.20,99
325,Marrissa,Goford,Geologist II,73,2009-07-20 10:28:23,164355.23,114706.82,32
326,Geri,Linner,VP Accounting,75,2017-02-13 07:52:20,161259.46,183688.83,38
327,Filip,Leatherbarrow,Geologist IV,96,2013-01-26 22:47:15,181273.07,138986.71,93
328,Cacilie,Locks,Pharmacist,57,2010-02-16 21:26:11,139126.28,125052.35,28
329,Laetitia,Dally,Electrical Engineer,48,2012-09-22 20:23:18,142613.44,141061.31,71
330,Marillin,Ginnaly,Budget/Accounting Analyst IV,38,2017-03-09 16:22:18,132461.53,156957.41,62
331,Joni,Whitmarsh,Associate Professor,91,2012-11-29 21:32:44,146918.19,149697.66,38
332,Gustavus,Dedmam,Account Representative I,63,2018-08-22 19:54:51,139063.70,114968.23,30
333,Gunner,Dugood,Account Representative II,87,2018-09-08 18:31:14,171884.81,124507.77,60
334,Jemimah,Blackham,Geologist I,30,2017-03-10 15:29:05,124792.34,157352.21,89
335,Ashby,Ucchino,Marketing Assistant,40,2015-10-03 09:36:03,140405.41,109755.83,14
336,Leanna,Lanphier,Paralegal,98,2009-07-24 07:14:05,154230.71,153181.43,25
337,Janet,Wagstaff,Nurse,29,2010-08-24 15:48:30,133086.20,176948.83,83
338,Andria,Speerman,Senior Sales Associate,84,2011-04-23 07:46:02,111632.64,175859.63,54
339,Patience,Gerlts,Account Representative III,66,2019-01-02 08:13:57,152334.78,135690.27,50
340,Joe,Panther,Account Representative I,21,2016-06-07 02:59:49,118616.02,153944.48,52
341,Ware,Le Breton,Engineer III,42,2011-09-12 12:55:49,183015.78,178590.70,97
342,Blanche,Ivakhno,Librarian,44,2010-02-10 17:10:49,108290.60,116436.08,76
343,Renard,Mayzes,Director of Sales,11,2010-06-25 05:35:18,172417.91,146284.90,97
344,Raffaello,Rowan,Senior Quality Engineer,32,2010-01-12 11:16:35,107721.44,164302.30,55
345,Tarah,Ciccarello,Executive Secretary,28,2015-08-12 16:59:50,157225.48,175765.26,10
346,Layton,Marlen,Database Administrator II,53,2018-07-29 04:20:59,127204.17,140952.35,93
347,Abner,Neville,Payment Adjustment Coordinator,79,2013-04-02 18:07:11,160796.07,162122.40,52
348,Daffie,Lathee,Systems Administrator I,24,2014-12-08 10:36:19,140429.67,111863.14,34
349,Perry,Ivy,Food Chemist,82,2013-03-02 01:25:47,163831.74,142077.19,74
350,Brigg,Dovydenas,Assistant Professor,27,2014-08-03 17:25:17,156583.17,137406.72,26
351,Marlee,Matityahu,VP Quality Control,41,2015-02-14 01:23:26,113512.25,182916.58,13
352,Leonid,Fewkes,Operator,74,2011-05-07 22:45:31,104583.36,156203.96,65
353,Kimball,Druce,Executive Secretary,71,2012-09-27 23:42:45,173936.12,118068.41,99
354,Estell,Leadbitter,Quality Control Specialist,88,2017-02-04 02:05:24,128968.26,154774.25,90
355,Kimberley,McLorinan,Technical Writer,97,2019-01-19 18:02:48,165174.91,100906.72,11
356,Wynn,Tremlett,Assistant Professor,75,2012-04-12 22:35:20,171738.83,159555.73,60
357,Morena,Figgins,Editor,18,2017-03-10 10:43:46,104274.88,135086.79,58
358,Faustina,Huckleby,VP Product Management,48,2014-10-17 17:23:11,166596.74,164490.83,75
359,Gavrielle,Pisco,Clinical Specialist,55,2014-02-09 17:20:08,153184.69,179882.88,72
360,Reeta,Trowsdale,Biostatistician IV,86,2020-02-19 21:35:34,166749.31,179058.38,73
361,Haslett,MacGillreich,Software Engineer III,78,2012-02-01 21:03:31,115763.71,153594.56,65
362,Emilia,Prettyman,Nurse,69,2017-12-21 23:06:26,109181.62,150791.16,76
363,Philomena,Nanetti,Help Desk Operator,95,2012-11-08 08:05:55,161687.69,106731.33,83
364,Virgina,Boath,Librarian,47,2013-03-14 03:32:16,157173.82,165246.70,63
365,Clywd,Baldini,Software Test Engineer III,71,2017-11-12 04:37:48,104467.59,114838.91,97
366,Deanna,Epdell,Business Systems Development Analyst,80,2011-06-23 21:19:34,126491.66,144038.06,68
367,Guthry,Kemball,Sales Representative,81,2015-05-20 04:35:47,140943.75,148280.53,28
368,Immanuel,Mundford,Nurse,47,2010-03-31 16:45:36,156158.52,171489.47,72
369,Brittani,Iacovuzzi,Senior Sales Associate,77,2012-10-18 19:32:21,177437.77,149127.92,98
370,Kalinda,Ewington,VP Marketing,25,2010-12-13 05:45:42,147528.25,160468.29,66
371,Khalil,Greensall,Accountant IV,15,2018-03-22 02:51:34,155976.85,152222.55,80
372,Tracee,Pallaske,Research Assistant II,57,2009-08-22 21:06:13,108810.87,128805.53,29
373,Wake,Belhome,Teacher,48,2012-03-08 02:43:03,155370.41,183366.86,76
374,Reuben,Lamperti,Analyst Programmer,47,2014-07-18 15:33:35,133105.01,114885.26,11
375,Sigismund,MacGregor,Recruiter,47,2012-09-11 12:28:45,105501.01,158633.31,36
376,Umeko,Tink,Systems Administrator IV,34,2015-02-18 19:53:55,139442.98,143749.38,90
377,Clea,Paish,Senior Editor,52,2016-07-25 07:14:31,103842.37,118572.41,66
378,Aggy,Cobbe,Accounting Assistant IV,82,2009-11-20 08:33:46,115717.67,172087.45,89
379,Marilee,Presley,Human Resources Assistant III,85,2016-08-17 11:27:49,180402.57,124542.20,17
380,Antonio,Flips,Operator,65,2016-07-03 07:58:23,159772.23,122486.64,97
381,Jordon,Hatherley,Dental Hygienist,40,2018-06-30 16:48:45,138334.19,162253.52,94
382,Farrah,Bicker,Registered Nurse,47,2014-03-18 16:54:08,125194.30,175901.50,37
383,Yevette,O'Keaveny,VP Accounting,80,2010-12-17 06:56:34,173709.26,174059.13,79
384,Sampson,Chagg,Software Consultant,75,2013-12-24 06:48:38,132145.32,134104.84,54
385,Isa,Fisbey,Research Nurse,69,2017-05-21 01:38:11,161576.82,175491.07,50
386,Kittie,McCowan,Programmer III,32,2014-10-12 22:53:34,179391.10,171522.65,31
387,Kayle,Rottger,Legal Assistant,97,2016-01-29 15:26:48,103394.14,175191.92,60
388,Guido,Coales,Programmer Analyst II,39,2019-03-31 17:51:32,121719.27,174211.51,86
389,Ozzy,Bresnen,Accountant I,80,2016-06-04 15:15:28,161881.03,103022.52,10
390,Mercy,Seydlitz,Accounting Assistant II,47,2018-03-28 05:07:08,121253.44,153606.42,62
391,Bessy,Ivanisov,Sales Associate,27,2016-12-26 09:44:02,132824.28,179253.16,36
392,Lenee,Dooler,Design Engineer,25,2009-06-17 01:45:52,114372.95,132439.84,43
393,Si,Hoys,VP Marketing,58,2012-12-07 22:07:57,175033.17,121625.09,45
394,Hildegaard,Cauthra,Automation Specialist IV,16,2010-04-03 13:02:21,159812.02,144184.70,47
395,Windham,Ravenhills,Research Assistant I,71,2016-05-15 12:03:27,157165.32,101477.92,59
396,Jud,Rugieri,Administrative Assistant III,57,2017-11-11 21:40:36,160539.76,139282.92,62
397,Arley,Babonau,Accounting Assistant II,43,2019-12-20 08:38:20,100022.07,113338.73,61
398,Chris,Sterzaker,Data Coordiator,19,2018-08-09 09:14:58,163136.16,103679.93,91
399,Suzi,Cahalin,Automation Specialist IV,23,2013-10-24 08:20:21,138971.39,151491.89,77
400,Shepperd,Howford,Programmer Analyst I,46,2014-08-14 05:05:40,130307.91,104967.00,92
401,Ulla,Dukes,Marketing Assistant,75,2014-09-27 04:17:29,139710.17,123575.30,27
402,Ruperta,Kent,Accounting Assistant II,52,2014-05-09 19:54:25,103526.94,106139.17,63
403,Bryn,Adnam,Environmental Specialist,10,2016-05-10 04:11:40,154265.68,108952.88,77
404,Adriaens,Ferry,Desktop Support Technician,57,2011-02-02 19:39:27,101043.66,176622.77,59
405,Sandye,Wedon,Research Associate,15,2017-12-08 11:36:47,160013.18,168410.92,53
406,Alphonse,Hawkey,VP Accounting,73,2016-08-06 13:54:39,157623.91,119905.34,58
407,Cully,Colkett,Help Desk Operator,19,2010-08-02 13:26:33,103585.27,111807.94,63
408,Ada,Glasbey,Cost Accountant,21,2014-10-23 01:54:19,147175.64,128745.32,77
409,Jdavie,Kantor,Web Designer IV,34,2011-12-29 22:36:58,141025.96,174059.57,13
410,Roseanne,Oxbury,Design Engineer,91,2012-08-07 23:57:53,103161.57,162686.36,61
411,Duncan,Bloomfield,Internal Auditor,80,2012-01-19 12:35:31,141589.39,123055.92,20
412,Bobby,Tiffney,Analyst Programmer,93,2016-10-16 21:40:17,155083.39,113226.19,27
413,Zoe,Sowthcote,Accountant II,81,2015-10-21 15:53:09,140743.96,147196.24,61
414,Fiann,Westall,Speech Pathologist,92,2016-03-16 16:15:45,137142.00,129844.41,64
415,Laetitia,Muggeridge,Senior Editor,73,2013-03-11 17:37:41,172640.59,139666.08,10
416,Hermine,Dowears,Chief Design Engineer,24,2015-09-01 16:43:46,179653.40,145235.62,77
417,Armand,Chiese,Nurse,94,2018-04-11 00:30:22,134543.00,140883.99,44
418,Lewiss,Bote,Software Engineer III,67,2017-06-15 14:43:57,164730.67,165434.66,60
419,Quentin,Shuter,Programmer Analyst IV,56,2015-11-25 20:41:02,110904.77,104158.74,34
420,Katuscha,Hulburd,Engineer II,74,2011-09-09 23:36:33,171005.43,105452.73,96
421,Colas,Lars,Geological Engineer,79,2016-02-07 02:49:23,147169.04,152610.68,29
422,Kinny,Dresche,Payment Adjustment Coordinator,52,2013-02-27 20:03:28,107107.52,123812.43,24
423,Elayne,Levene,Clinical Specialist,65,2013-04-29 01:26:03,153866.96,184025.01,78
424,Dolli,Pinnell,VP Accounting,34,2014-06-03 18:34:45,156229.46,145527.85,57
425,Stanley,Glading,Professor,88,2012-01-30 07:15:07,116080.12,138848.42,98
426,Ailene,Alcalde,Analog Circuit Design manager,88,2020-02-18 14:57:42,130700.96,116563.59,69
427,Kym,Haggart,Programmer II,12,2016-02-27 23:45:15,172275.30,105450.00,33
428,Karrah,Krollmann,Clinical Specialist,78,2016-06-18 04:14:24,135699.04,156597.00,50
429,Lewes,Clulow,Budget/Accounting Analyst III,42,2009-04-26 12:17:41,136137.42,121734.83,57
430,Arron,Carhart,Nuclear Power Engineer,77,2017-08-15 22:48:01,120612.45,120993.69,61
431,Elfreda,Snalum,Administrative Officer,58,2011-07-04 08:11:28,119174.39,184819.16,66
432,Terese,Akrigg,Electrical Engineer,31,2015-06-26 19:28:21,169574.56,122218.52,68
433,Cam,St. Aubyn,Human Resources Assistant IV,12,2018-02-01 12:00:01,135870.08,179656.59,37
434,Cosme,Bengle,Administrative Assistant II,11,2015-06-13 23:06:49,177885.09,125458.37,30
435,Mable,Tockell,Accountant III,96,2019-06-26 04:24:04,167517.36,145005.97,62
436,Chryste,Brownill,Compensation Analyst,90,2012-10-08 16:56:45,183900.20,129963.18,84
437,Claire,Bosdet,Senior Cost Accountant,77,2011-09-17 12:35:48,126843.86,144956.24,18
438,Seline,Haldenby,Geologist III,15,2016-02-05 05:04:27,109831.97,104420.57,97
439,Olympe,Berkely,Senior Sales Associate,48,2018-09-16 04:45:11,144089.53,174142.58,35
440,Sayre,Docker,Statistician III,47,2020-04-03 18:28:06,142368.92,179005.39,97
441,Marwin,Wadly,Programmer Analyst III,46,2015-03-02 14:07:43,105086.19,101579.23,78
442,Glen,Mangam,Programmer IV,81,2010-06-02 06:13:43,171582.51,167323.69,91
443,Cleo,Quinell,Payment Adjustment Coordinator,27,2010-09-14 16:36:34,114577.27,127805.12,61
444,Gwendolen,Stolli,Senior Editor,11,2015-03-18 16:02:20,146151.00,128501.15,31
445,Andonis,Cuppleditch,VP Accounting,84,2020-03-19 17:35:18,136973.02,166738.01,38
446,Paten,Clifford,Desktop Support Technician,50,2017-10-25 04:52:47,167161.34,163098.04,35
447,Dale,Edwicke,Web Developer IV,88,2010-01-23 14:02:41,134813.19,168485.76,17
448,Fabio,Oldnall,Business Systems Development Analyst,66,2020-04-26 09:16:06,137445.91,118618.94,57
449,Koressa,Bum,Executive Secretary,97,2015-10-13 21:14:40,120286.72,163074.64,52
450,Eugenius,Halbeard,Programmer Analyst III,50,2018-09-05 10:27:30,139179.59,144884.50,13
451,Amargo,Boow,Professor,46,2011-06-01 08:42:28,116794.40,133846.50,41
452,Olly,Bulcock,Physical Therapy Assistant,82,2016-07-08 22:27:36,153490.49,151627.61,80
453,Farah,Brandes,Librarian,83,2014-12-16 03:45:08,140020.80,108561.28,43
454,Ingunna,Meakes,Financial Analyst,43,2010-06-17 18:06:17,126532.08,183623.64,70
455,Cad,Mattielli,Administrative Assistant III,88,2010-07-09 04:06:48,183246.05,163808.70,29
456,Ibbie,Gilbey,Legal Assistant,97,2019-09-10 23:34:29,184958.50,154096.34,57
457,Indira,Baskerville,Civil Engineer,89,2014-11-06 12:45:16,125817.69,105231.56,60
458,Zarla,Theunissen,Teacher,14,2014-06-06 12:58:29,163545.52,130952.03,84
459,Marchall,Armsden,Media Manager I,17,2013-10-29 11:25:33,121603.94,109698.19,35
460,Lanie,Grasner,Marketing Manager,96,2014-10-13 21:36:17,159013.56,134742.47,21
461,Luisa,Hedin,Pharmacist,33,2013-11-21 17:49:34,127557.50,135890.73,35
462,Matthieu,Diprose,Mechanical Systems Engineer,69,2012-04-05 14:54:28,122437.83,167562.05,20
463,Dody,O'Scollee,Nurse Practicioner,53,2020-01-08 04:01:14,112581.31,170368.37,60
464,Skyler,Fortnam,VP Product Management,60,2017-03-22 18:55:22,150172.54,151619.76,41
465,Goldy,Hoxey,Staff Scientist,43,2017-06-15 08:26:38,181209.14,166654.53,25
466,Tymon,Signoret,Teacher,21,2017-10-04 01:45:18,124763.94,131340.87,28
467,Pris,Bigham,Electrical Engineer,23,2020-04-09 18:13:58,152503.69,127351.07,45
468,Ferdinande,Swabey,Human Resources Manager,85,2020-04-19 06:06:05,114945.11,134333.11,70
469,Flo,Retter,Librarian,98,2018-02-28 16:30:07,126089.65,158384.03,18
470,Teodora,Faier,Civil Engineer,26,2016-06-01 17:31:17,134493.74,140075.69,100
471,Carlene,McKag,VP Quality Control,79,2018-06-23 23:19:47,103723.42,141796.62,69
472,Celia,Gouldbourn,VP Accounting,65,2011-01-02 14:02:25,131942.82,145050.78,13
473,Cary,Blakely,Operator,37,2015-07-19 11:13:50,147904.03,107955.40,23
474,Kellina,Liggins,Actuary,96,2019-08-23 05:28:25,157837.81,166896.94,70
475,Rebekah,Abells,Web Designer III,88,2020-02-20 07:01:07,160437.28,145562.55,63
476,Jessica,Claus,Internal Auditor,62,2012-06-15 02:57:36,118324.27,110605.21,11
477,Frasco,Adriaan,Automation Specialist I,98,2018-10-18 23:55:38,135763.89,113949.28,36
478,Augusta,Adamides,Quality Engineer,62,2012-10-07 13:41:53,110164.34,169583.59,27
479,Leodora,Krimmer,Recruiting Manager,55,2014-04-17 15:41:45,110434.80,118381.25,40
480,Ethelin,Baudino,Database Administrator III,37,2012-09-13 18:43:52,168516.57,112430.46,45
481,Barby,Ruperti,Research Nurse,37,2011-11-06 11:46:19,112042.76,150805.97,95
482,Cacilia,Dobkin,Data Coordiator,100,2013-09-06 16:32:19,153908.56,130968.40,35
483,Curtice,Ashfold,Actuary,14,2018-07-28 00:34:55,123455.02,138436.97,77
484,Lolly,Salzen,Database Administrator I,60,2016-02-03 07:23:15,170477.39,175959.28,61
485,Ondrea,Ahmed,Accounting Assistant III,58,2014-08-31 21:44:22,165981.78,160136.50,93
486,Cher,McGennis,VP Quality Control,54,2010-10-24 17:29:26,140266.27,120087.60,71
487,Valera,Grassin,Chemical Engineer,21,2012-07-18 01:20:59,121742.09,161645.07,22
488,Raychel,Coots,Staff Accountant IV,64,2020-03-18 06:57:53,155657.40,118102.35,75
489,Jyoti,Elletson,Nuclear Power Engineer,48,2009-09-21 22:13:38,181760.00,127750.65,35
490,Fonz,Epine,Statistician I,63,2010-12-18 13:55:26,178362.44,180842.70,56
491,Nissie,Van der Baaren,Internal Auditor,26,2012-08-29 19:28:40,127007.71,119964.31,76
492,Malcolm,Pember,Engineer III,76,2014-04-22 19:38:58,100846.10,135735.00,61
493,Jules,Mulheron,Graphic Designer,71,2014-08-11 06:01:42,174583.16,150404.28,23
494,Ely,Cottey,Software Engineer I,82,2014-03-25 01:19:42,125974.81,125282.52,87
495,Kennan,Schaumann,Electrical Engineer,13,2009-11-06 09:44:05,138476.83,168883.87,71
496,Cirillo,Spear,Environmental Tech,61,2017-01-20 01:13:25,162875.68,174850.71,92
497,Boy,Lavallie,Internal Auditor,43,2014-09-15 21:19:40,131000.84,147875.33,81
498,Ansel,Yuryatin,Graphic Designer,42,2013-10-05 09:35:19,124942.84,177833.93,77
499,Celestyn,McGarvie,Social Worker,89,2015-04-10 12:02:56,145357.03,125510.50,90
500,Rozina,Pawlicki,Teacher,89,2014-08-06 21:15:51,150835.39,136766.93,68
501,Chicky,Harbord,Teacher,11,2016-03-30 17:14:53,137796.39,161143.92,13
502,Ancell,Monkton,Director of Sales,95,2017-12-27 11:23:06,128462.28,112495.27,74
503,Ruddy,Huxter,Structural Analysis Engineer,90,2012-04-12 01:51:16,180554.99,136205.27,54
504,Bernita,Hassall,Geological Engineer,33,2012-03-10 05:18:56,162499.07,138286.03,99
505,Northrup,Gallant,Staff Scientist,27,2011-03-26 02:28:07,174319.00,168637.47,32
506,Humphrey,Leadstone,Desktop Support Technician,16,2018-06-21 20:41:48,136125.64,177670.03,41
507,Rowland,Oldroyd,Recruiter,32,2010-09-14 13:44:56,155952.99,144769.91,57
508,Neron,Figgins,Human Resources Assistant III,46,2009-10-23 01:56:06,154010.16,179051.79,46
509,Nonnah,McCamish,Geologist IV,86,2010-12-30 13:11:15,144162.53,112435.85,67
510,Amabelle,Trunkfield,Food Chemist,45,2017-11-14 16:17:57,106628.49,121789.26,23
511,Beauregard,Kenningham,Analyst Programmer,45,2010-01-18 23:09:39,166794.36,154744.57,38
512,Nelson,Gorring,Recruiter,11,2012-02-13 07:22:32,175479.80,170301.28,50
513,Felipe,Crawforth,Quality Engineer,64,2013-06-05 22:48:12,163793.43,184247.96,93
514,Kessiah,Ownsworth,Tax Accountant,67,2012-12-02 04:59:51,150085.62,152735.57,90
515,Claybourne,Chaffyn,Structural Analysis Engineer,80,2019-09-30 17:17:51,138790.13,116234.81,22
516,Gilligan,Sauter,Actuary,89,2013-07-16 02:45:02,141441.05,142188.10,56
517,Lisabeth,Tripet,Financial Advisor,20,2017-05-31 05:33:31,134218.96,142402.47,32
518,Cristie,Huntley,VP Sales,61,2014-02-15 05:46:26,159943.58,143277.30,63
519,Jeannie,Maffulli,Database Administrator I,67,2011-11-04 17:12:34,162608.45,130846.10,79
520,Nataniel,Cottle,Executive Secretary,50,2013-02-17 20:31:50,183214.04,177322.61,28
521,Mahmud,Zorener,Administrative Assistant III,93,2017-03-05 16:56:17,114463.08,175778.38,13
522,Benn,Blanc,Staff Accountant I,68,2014-10-11 04:34:13,118814.54,159471.32,52
523,Marchelle,Cottier,Pharmacist,78,2017-10-05 10:39:17,167220.84,113635.37,75
524,Baldwin,Dubbin,Geologist III,57,2013-06-16 10:11:51,143527.69,165071.99,76
525,Sharona,Hawkeswood,Teacher,66,2012-08-31 17:11:30,154331.20,102304.25,40
526,Harwilll,Thunderchief,Marketing Manager,82,2020-04-20 02:04:42,113902.11,159338.63,92
527,Dagmar,Readhead,Senior Developer,57,2019-12-11 21:46:19,152681.94,168649.85,48
528,Wayne,Swinfon,Account Coordinator,95,2013-07-19 02:15:25,122701.64,105557.15,14
529,Garik,Dymott,Sales Associate,31,2012-07-18 00:51:12,179873.17,111846.00,56
530,Kev,Dugald,Electrical Engineer,73,2017-03-11 05:41:08,161203.45,100948.85,22
531,Odetta,Columbell,Web Designer II,35,2010-01-24 17:19:13,146053.99,111527.09,54
532,Tades,Couch,Human Resources Manager,71,2017-03-08 04:59:43,122692.65,129129.05,70
533,Bernardine,Cordall,Programmer IV,56,2011-10-29 12:38:45,154902.10,136440.49,49
534,Tommi,Fenich,Assistant Manager,18,2014-12-07 21:23:07,106707.01,115783.09,14
535,Gawain,Hallgath,Media Manager III,30,2014-09-18 15:21:07,164314.36,171738.95,19
536,Giselle,Hardi,Senior Financial Analyst,84,2017-03-05 02:18:36,125499.23,147376.89,49
537,Carol,Pilgram,Recruiter,21,2012-02-20 14:11:59,180705.66,172548.20,41
538,Jorey,Pues,Senior Cost Accountant,47,2020-03-22 13:38:58,132086.31,128754.03,43
539,Tersina,Bapty,Associate Professor,97,2011-11-17 09:58:59,155726.52,165441.99,86
540,Halimeda,Blythe,VP Sales,47,2010-08-04 07:38:42,144292.51,104886.32,26
541,Vinnie,Klimmek,Programmer Analyst III,33,2013-09-02 17:00:44,134860.08,143216.11,50
542,Melly,Scurfield,Executive Secretary,78,2011-08-30 16:16:36,102180.67,152274.98,14
543,Lurleen,Bengle,Recruiting Manager,43,2014-08-10 23:56:25,144343.34,140282.49,21
544,Adele,Hannon,Food Chemist,35,2013-04-21 00:28:19,161372.26,134204.74,42
545,Steffi,Kendrick,Research Nurse,37,2018-10-06 02:36:10,116744.41,105099.06,24
546,Erika,Clutram,Data Coordiator,41,2015-04-17 11:57:43,155106.09,102134.79,46
547,Fleur,Cropp,Research Nurse,55,2020-01-22 00:09:43,146868.37,176175.75,59
548,Webster,Pache,Occupational Therapist,49,2011-12-13 06:56:55,181754.65,137038.33,81
549,Kalila,Ponting,Senior Sales Associate,70,2011-11-27 02:33:46,143005.98,109318.97,82
550,Mikael,Wallbridge,Junior Executive,27,2012-04-26 06:12:37,144960.94,167230.34,74
551,Stacee,Reichhardt,Operator,77,2019-10-02 16:31:25,162882.02,164021.13,97
552,Susann,Muldoon,Executive Secretary,57,2014-12-12 05:27:05,137593.94,146630.06,97
553,Hailee,Priestley,Teacher,72,2019-10-02 18:58:52,179018.77,129665.00,36
554,Shelden,Siggins,Paralegal,26,2017-01-29 08:49:00,142977.40,135420.17,50
555,Elsbeth,Thornton,Budget/Accounting Analyst I,74,2016-09-10 15:11:19,144954.10,182418.59,53
556,Hinze,Lebell,Senior Developer,72,2015-02-15 08:40:28,112026.08,132655.18,47
557,Rani,Aust,Paralegal,12,2018-12-24 08:17:01,130787.25,161682.82,19
558,Leena,Sambeck,Operator,40,2010-05-29 14:00:24,164388.02,173938.09,58
559,Tasha,Reeder,Associate Professor,41,2014-10-15 07:21:19,126861.70,112840.27,64
560,Alexia,Lassetter,Structural Engineer,92,2012-11-27 21:52:57,126310.49,128717.03,50
561,Casandra,Absolon,Social Worker,65,2011-02-18 10:38:13,145680.47,144114.19,31
562,Birch,Elwin,Developer IV,95,2011-03-02 04:22:17,174755.67,100059.34,21
563,Corny,Handsheart,Administrative Assistant IV,28,2014-09-02 07:30:08,111772.48,157622.21,32
564,Klarrisa,Pybus,Programmer Analyst II,14,2017-06-20 13:33:44,120479.45,137339.32,42
565,Any,Ramelet,Speech Pathologist,41,2019-07-27 07:30:37,165577.13,151463.21,27
566,Elsie,Sheavills,Media Manager II,17,2014-01-28 08:26:47,178112.58,146943.85,55
567,Nertie,Shapcote,Marketing Manager,27,2018-04-09 13:37:37,151064.52,145763.07,52
568,Grissel,Goymer,Quality Engineer,93,2016-08-17 20:48:34,104472.87,162777.53,72
569,Sanders,Aleveque,Analog Circuit Design manager,13,2011-06-27 18:28:12,146960.97,182002.47,63
570,Gil,Feathersby,Administrative Assistant IV,96,2019-03-06 22:06:36,154623.25,121155.15,23
571,Mellisent,Maffi,Nurse Practicioner,89,2018-10-26 06:00:46,103440.48,152788.38,67
572,Nahum,Ashborn,Environmental Tech,63,2015-01-03 05:05:15,109506.67,124230.64,79
573,Charles,MacGille,Paralegal,96,2018-11-24 01:09:25,138249.25,133637.76,77
574,Parker,Briscow,Database Administrator I,53,2015-07-27 07:39:45,182142.38,132639.92,85
575,Phylis,McGreay,Tax Accountant,46,2014-12-25 20:21:13,117357.64,126096.62,81
576,Cornelia,Andover,Software Consultant,46,2018-06-12 12:41:19,154705.28,106305.83,26
577,Bibi,Vondrasek,Administrative Assistant II,22,2020-05-26 05:09:00,164737.57,161076.50,45
578,Mayne,Stuchbery,Health Coach IV,25,2020-04-15 04:49:51,153588.67,103369.97,97
579,Lark,Caras,Teacher,89,2016-06-16 07:25:45,121640.47,118985.81,40
580,Cori,Heathcoat,Nurse Practicioner,87,2015-02-27 02:48:16,118104.34,184825.06,29
581,Adolpho,Bello,Analyst Programmer,38,2014-08-23 12:46:49,150743.42,182456.93,74
582,Selina,Ehrat,Systems Administrator I,35,2016-06-24 10:24:43,176156.05,132222.89,29
583,Vikky,Longega,Chemical Engineer,47,2012-11-22 08:49:53,111153.95,171728.14,69
584,Ram,Acarson,Junior Executive,67,2010-11-01 16:39:12,183631.55,128425.17,10
585,Clarissa,Woollcott,Senior Editor,24,2012-09-23 14:13:32,115749.74,154308.21,24
586,Thornton,Jakobsson,Research Associate,61,2010-11-07 04:09:27,129918.44,118605.06,83
587,Maressa,Tussaine,GIS Technical Architect,94,2017-06-14 23:58:10,144099.33,144383.33,79
588,Darn,Collidge,Developer IV,32,2017-04-13 01:24:54,126107.42,134029.37,89
589,Fabiano,Yantsev,Nuclear Power Engineer,13,2011-02-07 10:48:00,175192.74,150132.67,71
590,Sib,Warkup,GIS Technical Architect,56,2018-05-02 18:21:50,130732.54,115771.81,19
591,Frederick,Habbin,Staff Scientist,41,2012-07-12 03:59:22,130758.79,141098.59,63
592,Evonne,Kinahan,Clinical Specialist,87,2017-05-31 22:44:50,141393.91,107365.61,25
593,Reuben,Befroy,Project Manager,11,2017-07-05 14:40:11,116982.43,147448.63,21
594,Tanya,Blonden,VP Product Management,64,2009-12-18 11:54:24,131315.93,117295.54,86
595,Kin,Hutchison,Human Resources Assistant II,78,2010-01-23 04:50:13,134962.51,178577.69,48
596,Jens,Asipenko,Developer III,17,2020-05-25 13:24:20,108830.86,126341.60,47
597,Abelard,Booton,Financial Analyst,95,2013-04-28 05:49:16,154902.30,134465.23,81
598,Kissiah,Mowbury,Physical Therapy Assistant,93,2016-12-12 11:01:25,166983.18,182921.70,98
599,Lizbeth,Morshead,Occupational Therapist,35,2013-09-18 11:41:46,104175.87,169464.12,62
600,Addison,Heffernan,Junior Executive,61,2015-10-04 01:59:11,161145.81,129785.68,66
601,Pierette,Hawthorne,Computer Systems Analyst IV,63,2010-10-04 14:33:19,149712.58,122798.50,30
602,Ilsa,Foxwell,Software Consultant,97,2020-05-15 04:43:21,107367.70,131215.49,87
603,Candi,Scholer,Financial Analyst,49,2015-10-20 00:18:24,144977.71,163305.86,91
604,Ferris,Chrichton,Assistant Professor,73,2012-07-29 12:37:28,105316.28,145528.28,53
605,Alfy,Neubigin,Design Engineer,61,2009-11-08 16:51:21,152828.12,136705.09,59
606,Marcia,De Roos,Senior Developer,84,2014-11-06 13:54:48,126625.18,103870.53,18
607,Markus,Milliere,Accountant I,10,2009-12-19 02:42:16,145726.30,108096.59,15
608,Ferdinand,Perrygo,Compensation Analyst,20,2018-08-08 12:36:08,164862.74,150374.75,97
609,Gus,Lotte,Senior Cost Accountant,57,2011-06-30 00:49:38,142505.14,104086.29,69
610,Walt,Krystof,Software Engineer I,28,2009-10-26 23:56:29,124227.31,170991.33,84
611,Patrizio,Mutch,Biostatistician III,34,2011-01-10 11:38:15,115736.12,147631.45,81
612,Ezechiel,Bere,Recruiting Manager,69,2011-12-24 22:55:24,109748.32,146633.90,24
613,Heddie,Batcheldor,Geological Engineer,73,2009-09-09 17:15:19,116426.00,175482.86,51
614,Damien,Pinney,Budget/Accounting Analyst III,22,2012-10-15 20:10:57,102588.40,118885.61,70
615,Garland,D'Elia,Design Engineer,35,2015-06-04 02:06:54,154671.26,130347.32,57
616,Jacky,Beran,Sales Representative,22,2010-08-12 07:08:56,164136.07,162430.60,95
617,Donelle,Doumerque,Community Outreach Specialist,61,2011-11-13 05:40:23,124782.95,104409.76,45
618,Conrade,Hargroves,Senior Developer,63,2010-03-26 00:24:28,179541.28,114521.14,13
619,Matthus,Smellie,Product Engineer,98,2018-06-22 13:25:50,102974.14,138451.56,12
620,Linette,Bhatia,Paralegal,69,2010-10-22 13:48:40,124965.57,142223.82,46
621,Patsy,Gewer,Sales Associate,53,2017-02-14 15:44:34,177283.62,156768.03,25
622,Rhett,Peers,Project Manager,17,2012-03-10 08:37:55,114787.69,184024.08,83
623,Duff,Geer,Budget/Accounting Analyst II,12,2020-03-30 13:09:35,154777.68,167789.34,55
624,Mirella,Noonan,Marketing Manager,59,2015-02-08 19:00:46,173655.10,170422.95,85
625,Maxim,Ianson,Administrative Assistant III,34,2018-08-22 06:20:57,119488.96,109489.64,42
626,Loydie,Kolin,Account Executive,19,2011-11-12 10:20:28,105084.55,184719.03,55
627,Sosanna,Yeiles,Web Developer IV,31,2015-03-01 18:48:34,174353.38,170247.46,34
628,Mabel,MacDonnell,Tax Accountant,20,2016-07-26 10:26:25,135828.57,166714.96,97
629,Krissie,Olifaunt,Environmental Specialist,68,2017-09-18 17:20:36,166368.03,158394.79,15
630,Cristine,Pursehouse,Compensation Analyst,40,2016-02-07 17:20:59,113996.76,123684.57,24
631,Delia,Kildea,VP Product Management,40,2009-10-27 20:00:08,108004.51,171639.80,15
632,Hyman,Hebble,Nurse Practicioner,26,2017-09-02 21:27:08,122263.71,140648.82,83
633,Levin,Fadell,Web Designer IV,100,2011-06-16 16:14:12,178785.94,159096.21,81
634,Cori,Andreuzzi,Desktop Support Technician,74,2016-09-10 11:25:44,179384.06,104545.58,69
635,Ronna,Frankham,Web Developer I,92,2015-03-19 16:28:46,157612.22,163580.89,67
636,Lindy,Motion,Director of Sales,11,2010-10-30 12:28:28,122711.40,110919.52,46
637,Forbes,Mendel,Office Assistant II,82,2015-02-22 01:30:16,125554.32,172071.70,65
638,Kristine,Gallamore,GIS Technical Architect,14,2016-03-21 04:32:58,182651.05,173060.05,63
639,Nari,Willoughby,Sales Representative,29,2010-04-04 17:21:38,182404.80,121237.50,73
640,Laurianne,Karpets,Junior Executive,63,2015-03-26 14:47:51,115596.50,184925.68,12
641,Briggs,Godon,Dental Hygienist,80,2019-05-11 02:28:38,138870.63,119916.79,21
642,Clemmie,Dimitriev,Financial Advisor,25,2015-08-17 21:45:21,118604.77,184163.08,37
643,Osbourn,Creffield,Actuary,41,2010-09-09 23:45:42,163738.58,107953.78,88
644,Cyndie,Olohan,Sales Associate,13,2009-06-16 23:51:02,136535.59,117989.85,46
645,Robert,Jahnke,Computer Systems Analyst II,18,2012-05-20 00:37:14,131795.96,163517.55,70
646,Drona,Lambourne,Administrative Officer,33,2019-12-02 07:41:48,148119.95,128005.31,89
647,Ruby,Shawyers,Nurse Practicioner,24,2014-03-16 03:33:01,179926.32,171094.34,39
648,Hewie,Hazell,Marketing Manager,41,2012-12-30 00:53:39,113711.80,108144.26,55
649,Vincents,Mattessen,Administrative Assistant III,95,2015-08-30 01:18:48,146412.26,180025.28,67
650,Iosep,Lakey,Accountant IV,16,2013-05-04 21:47:35,173823.65,149802.50,27
651,Honor,Wastall,Food Chemist,54,2015-02-28 22:27:59,111316.10,102895.33,62
652,Dasya,Shallo,Programmer III,75,2018-04-24 07:36:31,156799.49,155726.71,42
653,Kati,Eustace,Professor,76,2013-08-03 11:07:13,119703.93,135792.58,41
654,Heath,Bilovsky,VP Marketing,93,2017-05-06 22:24:31,108572.15,157693.92,21
655,Margette,Salasar,Chief Design Engineer,42,2018-08-25 20:11:28,104003.77,143448.83,39
656,Gavra,Tenaunt,GIS Technical Architect,56,2017-11-20 04:09:46,111720.34,109843.74,98
657,Melany,Cowland,VP Marketing,31,2017-09-16 00:45:51,182955.56,161130.04,55
658,Fee,Wisdish,Research Nurse,45,2012-10-24 19:18:19,175803.59,112943.49,31
659,Stephie,Shaddock,Analyst Programmer,99,2013-11-16 20:22:12,101674.75,154939.54,10
660,Holli,Kloser,Business Systems Development Analyst,55,2016-10-05 11:51:30,142191.68,101964.02,24
661,Bartholomeus,Pinnere,Programmer II,81,2010-08-04 18:31:12,174742.44,123339.16,90
662,Aveline,Arnall,Social Worker,83,2014-09-20 14:32:43,170322.69,183593.43,64
663,Joby,Yesinov,Executive Secretary,42,2009-06-08 17:33:58,177436.90,109030.51,53
664,Marina,Ripper,Research Associate,31,2014-04-01 13:45:14,168029.95,177422.26,90
665,Zuzana,Caird,Accounting Assistant IV,99,2012-09-01 20:54:16,117055.58,182200.64,84
666,Amara,Skilton,Assistant Media Planner,42,2019-12-02 09:54:29,111442.41,143043.23,51
667,Jerrilyn,Othen,Clinical Specialist,50,2012-07-03 02:03:57,153568.96,162809.50,97
668,Wesley,Calliss,Analog Circuit Design manager,78,2012-11-17 08:35:48,113640.36,118448.57,46
669,Cedric,Kinkaid,Sales Associate,41,2017-09-01 07:17:05,133876.08,125262.79,73
670,Dara,Flattman,Web Developer II,34,2009-06-30 21:35:57,163953.99,112929.18,34
671,Rowe,Lovick,Occupational Therapist,100,2010-11-08 07:51:20,124390.84,119353.79,82
672,Roderigo,Borchardt,Safety Technician I,39,2020-02-27 13:19:58,120758.04,131169.44,18
673,Violet,Bayless,Senior Financial Analyst,62,2011-08-30 04:26:43,115147.99,173914.28,52
674,Cos,Knivett,Food Chemist,40,2014-03-26 10:36:56,124456.30,120253.96,58
675,Whitney,Behning,Assistant Professor,40,2011-08-31 08:40:07,166063.87,121039.08,48
676,Hollie,Andrioli,Desktop Support Technician,79,2009-12-12 06:04:51,179415.68,167241.83,45
677,Ardelis,Mallison,Database Administrator I,57,2018-04-08 08:54:21,174874.35,143315.08,99
678,Clementine,Corey,Senior Editor,44,2014-04-01 02:30:05,147362.75,122687.92,89
679,Felizio,Lower,Marketing Assistant,10,2015-07-16 04:04:35,158882.59,170535.69,84
680,Nappie,Fassum,Statistician III,57,2014-03-18 02:50:44,165985.24,167941.68,44
681,Arnuad,Hawker,Health Coach I,57,2012-03-11 21:14:11,172616.86,171117.90,76
682,Gabbie,Louche,Help Desk Operator,10,2012-10-06 18:46:05,131868.29,140131.05,21
683,Amber,Leport,Statistician III,52,2016-06-22 20:11:27,104258.32,174192.64,21
684,Shayne,Saggs,Account Executive,64,2019-08-08 21:40:10,142345.58,127327.11,28
685,Karol,Piddick,Software Consultant,81,2013-07-25 08:08:14,167792.10,150381.38,26
686,Lucila,Adamovitz,Nurse Practicioner,79,2010-06-22 02:44:21,122985.56,105106.18,55
687,Temp,Bellworthy,Automation Specialist I,93,2019-09-22 06:11:19,151979.14,155510.03,76
688,Urson,Kerrod,Project Manager,51,2009-11-24 11:58:48,171661.41,143735.80,59
689,Eric,Tucsell,Research Nurse,67,2011-12-31 10:10:58,127517.86,106803.08,62
690,Cassaundra,Dowsey,Chemical Engineer,63,2016-04-04 14:08:26,124515.90,182531.36,13
691,El,Abson,Business Systems Development Analyst,20,2011-10-15 03:41:32,135068.94,174510.28,51
692,Maximilien,Gibard,Media Manager II,19,2018-04-29 04:13:00,167021.01,146481.23,31
693,Heidie,Abrahmovici,Operator,14,2014-11-16 18:47:29,175199.97,104013.35,91
694,Alvira,Khristoforov,Marketing Assistant,41,2018-09-01 12:41:11,147302.20,158316.94,85
695,Barry,Bedo,Paralegal,67,2014-08-07 09:59:23,126745.47,133145.96,18
696,Hew,Dudek,VP Accounting,49,2020-02-12 04:42:05,146673.64,173767.14,30
697,Jacquie,Alfwy,Computer Systems Analyst III,17,2010-04-18 07:11:13,180950.14,158943.60,39
698,Beilul,Ayers,Data Coordiator,94,2015-11-06 16:13:47,120981.52,107240.20,99
699,Darbie,Eckley,VP Accounting,45,2012-09-26 21:28:50,102743.68,170330.83,59
700,Cameron,Tyrrell,Mechanical Systems Engineer,83,2011-02-15 12:03:02,162288.44,113572.38,78
701,Mitzi,O'Lenane,Geological Engineer,91,2010-11-14 04:00:30,101129.96,179777.28,87
702,Percival,Brickett,Editor,69,2012-05-29 00:35:43,160703.65,110911.89,28
703,Boy,Labeuil,Developer I,22,2019-02-03 15:01:30,134405.65,144644.13,66
704,Brit,Tocque,Structural Engineer,40,2015-08-20 01:29:25,105761.67,164968.26,40
705,Shena,Ekless,Structural Engineer,93,2011-11-05 00:01:28,180442.13,122149.53,51
706,Jen,Houldcroft,Engineer III,98,2020-04-21 04:24:59,170345.67,168124.80,59
707,Silva,Hawksby,Health Coach II,90,2015-02-26 16:21:33,149299.31,184810.15,14
708,Agosto,Kremer,Administrative Officer,67,2012-08-09 00:29:43,137620.66,140529.53,80
709,Natasha,Tourot,Engineer III,66,2018-12-24 01:54:11,115050.93,176929.47,85
710,Haroun,Lints,Software Test Engineer III,12,2018-08-16 04:11:47,133915.95,102979.57,83
711,Hi,Hambelton,Help Desk Technician,61,2009-12-13 20:26:35,165363.07,113967.69,89
712,Hulda,Faint,Legal Assistant,11,2009-08-21 23:04:38,145914.27,178800.39,29
713,Alica,Gerard,Geological Engineer,69,2010-04-30 15:02:07,175677.00,141260.96,74
714,Osmund,Cripin,Recruiter,45,2013-01-28 18:15:14,123146.22,123469.09,34
715,Ashley,Flounders,Account Representative III,76,2017-03-22 20:15:29,121351.74,124695.10,26
716,Faber,Clutton,Senior Developer,89,2018-01-19 01:52:44,179941.61,134317.58,63
717,Collie,Landis,Media Manager IV,27,2012-11-18 02:15:36,107448.90,153288.08,76
718,Rani,Laville,Staff Accountant I,50,2016-12-13 05:36:01,149885.52,125240.13,61
719,Charley,Canada,Help Desk Technician,58,2013-06-04 09:48:44,164696.44,166267.46,22
720,Catlin,Donegan,Account Representative III,90,2015-08-06 04:22:44,182650.17,172834.40,32
721,Fin,Coon,General Manager,81,2017-01-19 20:25:25,171151.05,134695.55,43
722,Abbot,Oakland,Media Manager II,84,2011-01-19 17:44:30,177225.40,157583.12,80
723,Carley,Pettet,Design Engineer,85,2015-06-09 09:39:55,132149.41,102123.38,77
724,Henry,Callen,Help Desk Technician,36,2014-08-31 08:05:32,124502.73,162163.71,27
725,Korey,Tatteshall,Internal Auditor,14,2019-10-13 08:32:38,161767.71,183925.38,43
726,Giorgi,Hance,Senior Editor,93,2011-11-25 20:04:44,123437.74,168409.51,70
727,Linnea,Serfati,Sales Associate,25,2015-10-05 12:54:23,169638.19,157283.16,98
728,Leilah,Prandin,Civil Engineer,58,2017-08-06 20:01:54,167080.84,158826.48,35
729,Janel,Loche,Quality Engineer,87,2017-03-01 09:20:53,173321.43,175123.04,12
730,Kurt,Klagges,Environmental Specialist,20,2014-09-21 22:59:41,122060.86,132890.67,25
731,Aaren,Causbey,Operator,19,2015-12-08 17:06:16,127647.99,154534.54,11
732,Olga,Tyzack,Design Engineer,63,2010-07-01 15:12:18,104740.41,167461.71,94
733,Cindra,Huard,Senior Quality Engineer,73,2012-10-16 13:14:46,138040.16,151583.82,13
734,Danni,Maass,Structural Engineer,60,2018-02-28 09:25:56,143053.94,106398.02,82
735,Joelle,Winslow,Business Systems Development Analyst,39,2010-09-26 04:23:48,101781.80,132833.37,40
736,Nelson,Vials,Registered Nurse,70,2011-01-22 12:34:44,174633.97,184133.36,48
737,Tina,Minchin,Budget/Accounting Analyst II,53,2020-03-18 02:00:15,179737.02,108642.24,91
738,Eben,Domnick,Account Representative IV,78,2018-03-22 22:56:39,148461.29,101295.37,12
739,Ignacio,Gomme,Actuary,80,2010-12-12 13:18:01,180270.48,177333.20,47
740,Cammie,Durant,Senior Quality Engineer,71,2013-07-05 12:11:36,174815.37,184245.11,77
741,Vern,de Aguirre,Health Coach II,63,2016-03-01 21:23:52,103770.69,181883.26,56
742,Nefen,Fison,Data Coordiator,57,2017-09-24 12:53:22,145316.00,144731.95,72
743,Petra,Prichet,Statistician I,39,2015-04-10 21:29:38,169923.79,109448.77,40
744,Izaak,Hordle,Business Systems Development Analyst,66,2015-02-19 05:48:30,117320.12,113348.73,55
745,Ines,Smyth,Senior Editor,89,2017-01-10 02:04:02,107579.92,147807.28,52
746,Dewie,Hobell,Dental Hygienist,58,2015-08-23 03:09:26,157796.13,107736.63,81
747,Floria,Shuxsmith,Chief Design Engineer,72,2014-10-24 08:16:02,157274.22,136136.66,46
748,Kyrstin,Dregan,Statistician I,65,2011-10-16 13:55:27,168302.44,177039.81,90
749,Carley,Portingale,Editor,90,2015-05-23 17:42:04,165451.42,124155.11,14
750,Tammy,Chaff,Professor,78,2015-01-09 10:35:36,113213.76,146920.18,66
751,Tera,Greed,Product Engineer,90,2012-04-05 03:44:10,154569.17,145231.42,54
752,Mia,Beevors,Research Associate,21,2018-11-29 12:57:42,107649.13,114655.42,44
753,Terrence,Johansson,Desktop Support Technician,11,2020-02-08 04:27:12,115299.57,179340.22,77
754,Catherin,Drejer,Professor,61,2019-02-27 13:39:49,103396.06,112803.55,92
755,Kinny,Lorne,Quality Engineer,28,2018-10-16 18:56:59,174784.43,173294.12,92
756,Ede,Collen,Staff Scientist,83,2018-04-17 10:47:39,105008.08,147280.47,61
757,Val,Chander,Desktop Support Technician,22,2017-07-28 11:45:59,179192.54,109286.55,70
758,Sunshine,Hardy,Accountant II,14,2010-01-04 13:16:44,114376.38,139277.03,75
759,Carmina,Oleszczak,Structural Engineer,68,2014-05-06 00:49:48,126041.06,110148.51,100
760,Kay,McGinney,Programmer Analyst I,92,2011-07-13 09:28:50,138708.04,127706.02,58
761,Bo,Ayer,Budget/Accounting Analyst IV,43,2011-02-01 06:43:22,164410.48,136821.00,28
762,Allianora,Haney`,Statistician II,57,2014-07-12 10:39:40,115904.51,106998.00,10
763,Raynor,Seebright,General Manager,80,2015-11-01 23:47:33,100204.46,168403.08,17
764,Simona,Billie,Registered Nurse,21,2018-03-07 13:36:28,111462.16,114955.09,25
765,Vyky,Wyre,Research Nurse,88,2012-05-05 00:36:31,119311.10,138986.17,25
766,Samuele,Seeney,Chief Design Engineer,71,2010-02-21 21:30:04,183714.10,129670.15,92
767,Lindsey,Race,Community Outreach Specialist,44,2017-10-27 18:06:57,100219.88,148054.74,81
768,Harley,Fontes,Social Worker,78,2019-04-27 12:05:26,172535.72,173763.21,55
769,Devonna,Duligall,Director of Sales,10,2013-09-24 16:31:21,166580.38,170781.22,90
770,Manfred,Coventon,Office Assistant II,22,2011-06-26 00:04:15,129368.44,101876.52,67
771,Arleen,Holson,Cost Accountant,54,2011-05-12 05:29:14,177884.95,175792.82,45
772,Trude,Pirazzi,Human Resources Assistant I,48,2016-01-30 18:02:31,149643.31,144325.53,24
773,Byrann,Moakes,Automation Specialist II,88,2013-12-14 11:25:07,128696.35,103551.77,80
774,Josselyn,Bell,Account Representative I,35,2015-01-10 21:08:25,170471.94,118147.90,10
775,Adah,Everist,Environmental Tech,46,2015-11-30 13:45:29,152686.03,140753.64,21
776,Hailee,Chadwyck,Nurse Practicioner,65,2009-11-15 15:43:59,131160.48,147602.12,58
777,Casey,Sparrowhawk,Design Engineer,70,2012-05-30 23:32:13,145059.70,167286.27,93
778,Enriqueta,Marchment,Assistant Media Planner,47,2019-10-05 03:56:40,115096.44,121473.83,96
779,Filia,Sagg,Dental Hygienist,42,2013-09-12 14:44:53,164724.89,157237.34,73
780,Jamal,Clemon,Developer I,55,2015-09-16 15:53:48,156978.11,140160.52,99
781,Kelcey,Coonan,Electrical Engineer,78,2011-06-30 01:19:57,166371.99,168932.44,18
782,Glynis,Pritchard,Media Manager IV,91,2012-11-14 15:59:14,151895.21,122616.23,20
783,Borden,Kohnen,Sales Associate,17,2018-06-11 03:43:08,103969.96,111776.20,75
784,Obadiah,Knuckles,Data Coordiator,75,2009-09-20 02:54:17,109433.93,103584.92,66
785,Elton,Basek,Accountant II,44,2016-10-31 15:37:45,107283.50,104182.59,80
786,Gradeigh,Clerc,Marketing Manager,37,2012-04-26 12:58:36,130186.30,104644.10,98
787,Gaylene,Boland,Desktop Support Technician,80,2011-06-22 20:38:49,119420.21,182620.63,29
788,Boycie,Cockerham,Web Designer I,53,2011-05-30 06:30:27,175987.25,166551.20,10
789,Granger,Aidler,Associate Professor,78,2009-06-14 01:02:31,143263.60,128258.15,38
790,Branden,Krollman,Marketing Manager,86,2015-03-28 20:19:33,104485.71,152890.83,27
791,Ariel,Pilmore,Administrative Assistant III,59,2015-11-08 04:41:10,136315.46,182526.01,55
792,Angelika,Geertsen,Office Assistant III,98,2011-01-09 09:13:00,182367.32,125107.51,51
793,Dalis,Roughey,Human Resources Assistant I,39,2013-05-05 00:37:21,118597.36,165268.08,11
794,Meryl,Paolini,Nuclear Power Engineer,70,2010-07-01 22:10:29,130438.47,113577.57,60
795,Ernestus,Curror,Help Desk Technician,83,2016-11-28 11:56:51,168108.39,109573.36,24
796,Ivette,Elstow,Dental Hygienist,68,2017-03-22 22:43:01,147557.96,166702.10,70
797,Huberto,Bainbridge,Database Administrator III,48,2009-10-12 04:25:14,151665.84,157848.68,18
798,Cherin,Noto,Teacher,28,2016-03-04 21:04:53,178917.57,151073.33,68
799,Bartholomeus,Donisi,Payment Adjustment Coordinator,66,2016-04-17 02:13:07,148874.18,158387.43,27
800,Melvyn,McGuire,Paralegal,46,2009-07-04 19:52:11,112650.62,145037.05,31
801,Cassandry,Greguoli,VP Sales,59,2011-03-08 07:49:48,123249.12,147795.34,63
802,Filberte,Fullard,Nurse,86,2019-02-21 13:13:42,145320.56,103082.27,63
803,Dalton,Crispe,Assistant Media Planner,82,2018-04-24 23:48:58,158369.63,124850.36,20
804,Merell,Gurnay,Programmer IV,32,2012-09-12 16:57:31,155868.96,158096.59,77
805,Robinett,Kopisch,General Manager,93,2012-10-28 00:33:00,183429.26,178052.38,72
806,Jobye,Spreag,VP Sales,28,2017-01-27 23:08:18,127890.16,147927.58,52
807,Claudio,Ciccottio,Paralegal,73,2014-12-26 01:51:11,145050.27,164987.68,55
808,Cyrill,Pendrid,Data Coordiator,33,2018-10-23 16:04:47,115048.53,104799.70,77
809,Osgood,Kikke,Recruiting Manager,23,2009-09-10 05:07:20,155323.30,156049.99,25
810,Esmeralda,Kleeman,Engineer II,27,2013-04-26 01:18:49,103174.98,119866.51,11
811,Greggory,Huot,Engineer II,31,2018-12-12 09:15:20,126246.59,150831.02,22
812,Devan,Tilte,Software Engineer I,85,2011-05-23 14:16:21,134191.84,151045.27,27
813,Kordula,Oiller,Office Assistant II,85,2014-04-20 00:22:18,119500.53,131697.10,41
814,Rolfe,Dyos,Operator,11,2017-10-27 12:11:32,127705.46,156762.17,44
815,Bondy,Oxenford,Operator,55,2018-01-12 02:04:42,150988.39,162739.69,20
816,Lyn,Baldrick,Data Coordiator,44,2018-03-03 23:23:27,126325.77,120004.42,59
817,Lanita,Swire,Programmer Analyst I,35,2009-07-21 17:14:10,146883.56,133375.47,78
818,Dennison,Crux,Recruiting Manager,57,2015-11-17 13:50:36,132443.65,159477.13,94
819,Ulrick,Verney,Senior Quality Engineer,40,2014-05-25 05:52:50,142159.61,154146.13,81
820,Kile,Feckey,Marketing Manager,94,2011-12-24 07:54:16,167095.39,175043.74,70
821,Obadiah,Flecknoe,Environmental Specialist,89,2020-04-18 23:37:01,164321.87,128990.03,31
822,Jake,Very,Registered Nurse,77,2013-05-25 12:27:18,124766.48,180212.95,29
823,Beck,Matlock,Executive Secretary,94,2019-10-30 06:34:28,180008.71,107961.01,53
824,Skipper,Blackden,Clinical Specialist,28,2014-10-24 22:28:21,146974.66,158693.56,91
825,Angelique,Dyke,Chief Design Engineer,27,2017-05-03 04:14:35,137448.12,174367.91,38
826,Maribeth,Adam,Senior Cost Accountant,58,2011-02-26 14:22:22,153354.98,130708.51,71
827,Dov,Charlo,Assistant Professor,83,2014-11-15 14:45:38,161734.04,107358.96,75
828,Nance,Petcher,Developer IV,14,2010-05-18 06:46:02,142669.35,170517.99,17
829,Noe,Deetlof,Senior Developer,80,2017-11-09 04:42:25,160299.15,140746.92,64
830,Ahmed,Choules,Accounting Assistant III,40,2011-12-15 10:13:29,177765.04,120912.46,24
831,Herschel,Stormonth,Environmental Tech,47,2016-05-22 11:42:55,169908.27,142850.19,75
832,Laurena,Shurlock,Project Manager,85,2015-11-07 23:59:06,107123.91,175339.95,34
833,Blaine,Jans,Analog Circuit Design manager,94,2012-07-04 00:25:54,184025.54,138774.13,37
834,Cordi,Losty,Graphic Designer,17,2010-03-28 16:01:36,167301.92,181152.42,72
835,Rockey,Corroyer,Web Designer II,66,2013-08-16 04:53:32,160536.95,164676.15,95
836,Anstice,Brockie,Recruiter,12,2011-09-29 09:03:05,184999.11,134052.88,59
837,Rollo,Polotti,Senior Editor,17,2016-01-02 23:56:31,117971.49,132759.99,36
838,Evelina,Boxe,Senior Developer,96,2010-06-19 22:28:58,156474.32,101416.96,79
839,Danila,Demoge,Health Coach IV,39,2015-08-01 23:42:21,149370.55,127626.11,12
840,Lora,Sorton,Mechanical Systems Engineer,35,2012-05-31 18:21:41,112995.18,137456.29,57
841,Betsy,Abramowitch,Operator,56,2017-06-17 00:06:11,171439.36,167846.05,21
842,Nicol,Stollen,Staff Scientist,96,2016-07-04 22:06:12,106618.77,160720.64,20
843,Quinlan,Lennox,Payment Adjustment Coordinator,36,2012-04-24 14:14:22,164924.22,166755.48,52
844,Dareen,Catterson,Business Systems Development Analyst,85,2019-06-13 15:38:40,105528.98,139863.42,43
845,Kevon,Glason,Account Representative IV,58,2019-08-30 15:03:50,144447.09,137277.73,25
846,Astrix,Lenoir,Social Worker,96,2017-07-19 14:51:12,166660.20,105841.45,36
847,Gayle,De Robertis,Financial Advisor,14,2017-10-17 20:56:25,132705.21,149883.94,97
848,Fayth,Rennix,Programmer Analyst III,27,2013-11-18 00:27:26,115160.20,150253.87,10
849,Mar,Hauck,Accounting Assistant III,41,2009-05-29 04:13:43,123234.63,178284.96,77
850,Loren,Cadreman,Electrical Engineer,49,2019-05-21 10:18:25,181886.92,157709.49,40
851,Udale,Grealish,Electrical Engineer,96,2018-11-27 15:08:50,132201.83,129808.67,20
852,Corey,Fargie,Account Executive,100,2016-10-03 01:19:32,147493.69,117395.16,32
853,Stanislaus,Leabeater,Software Test Engineer II,87,2010-10-10 20:07:50,124357.84,175599.20,85
854,Leupold,Le Grice,Administrative Officer,27,2016-07-09 04:35:53,128468.12,175577.56,36
855,Wally,McTeague,Software Test Engineer II,26,2011-06-17 11:57:10,183288.28,145193.19,49
856,Kerianne,Duker,Geological Engineer,15,2018-11-04 19:35:03,114914.42,107345.28,62
857,Hermie,Luciano,Human Resources Manager,52,2017-02-27 05:17:48,146151.15,115976.86,19
858,Ariel,Gossington,Human Resources Manager,19,2018-05-18 19:46:01,163891.76,157331.99,51
859,Charis,Sirmon,Staff Accountant III,64,2010-08-07 23:29:57,171397.34,139918.42,90
860,Rhody,Boeter,Legal Assistant,71,2009-12-23 23:54:32,141802.34,149517.57,76
861,Adam,Adan,Executive Secretary,16,2017-06-11 18:16:30,166279.76,134759.90,79
862,Keslie,Menichino,Food Chemist,74,2019-05-16 02:50:36,136155.99,162395.15,43
863,Viola,Brosnan,Cost Accountant,52,2014-10-25 10:20:50,134246.74,122234.77,78
864,Jobey,Tydd,Staff Accountant I,37,2009-12-04 12:06:51,166359.59,151820.36,81
865,Nolly,Rapper,Senior Cost Accountant,31,2011-01-20 01:25:07,178690.23,103962.11,21
866,Daryn,Duer,Budget/Accounting Analyst IV,69,2019-07-25 01:22:44,113859.51,168757.33,38
867,Carce,Garroch,Physical Therapy Assistant,47,2009-08-06 19:36:36,125707.78,184724.35,18
868,Joscelin,Garard,Project Manager,69,2019-08-21 20:33:50,151507.21,135003.36,20
869,Maryjane,Kennealy,Junior Executive,42,2012-10-28 07:34:55,111241.38,163861.79,40
870,Amii,Sidwell,Librarian,52,2010-06-25 16:48:34,129152.06,113939.18,19
871,Noelle,Chillingworth,Human Resources Assistant II,64,2015-08-16 02:44:51,181491.53,110062.40,45
872,Onofredo,Drains,Research Assistant I,10,2009-06-28 03:36:02,111530.00,169236.30,46
873,Carola,Stead,Dental Hygienist,20,2010-07-21 09:47:35,130576.40,184760.83,14
874,Josepha,Kienle,Biostatistician I,86,2010-07-02 21:31:21,183658.30,150498.79,99
875,Fletch,Ludewig,Administrative Assistant IV,17,2018-04-14 08:30:07,110773.38,162581.57,77
876,Brittany,Dominighi,Quality Control Specialist,28,2013-11-04 19:05:11,149838.84,158569.52,76
877,Kirby,Crocetti,Quality Engineer,15,2011-12-15 06:31:57,153811.37,147910.63,50
878,Montague,Pinnock,Quality Control Specialist,82,2013-03-13 08:08:29,144568.93,123848.04,64
879,Antonius,Satterfitt,Human Resources Assistant II,66,2012-01-11 22:46:09,178383.11,111768.78,81
880,Yulma,Larkby,Geological Engineer,12,2011-12-08 08:02:58,173270.25,171887.80,70
881,Dillon,Crain,Dental Hygienist,33,2013-08-06 05:06:13,137024.86,123127.79,53
882,Reinaldo,Balmann,VP Sales,13,2014-10-20 22:40:54,132142.48,170449.63,72
883,Waldo,Hirthe,Senior Quality Engineer,36,2017-07-25 18:11:23,162084.22,109708.35,11
884,Tiphany,Frotton,Desktop Support Technician,12,2014-05-18 15:51:59,167013.10,105166.44,18
885,Reagan,Rugieri,Dental Hygienist,91,2010-08-16 20:47:33,124344.38,149482.22,30
886,Ingaborg,Neagle,Associate Professor,20,2014-03-27 01:45:07,161034.41,169451.55,86
887,Peggi,Pulsford,Nuclear Power Engineer,61,2018-08-30 12:13:15,159675.46,149837.26,34
888,Fannie,Gallagher,Editor,79,2011-06-30 11:23:24,180043.83,114899.79,67
889,Sol,Cullington,Design Engineer,21,2015-05-03 06:28:10,164966.70,120877.22,61
890,Orsola,Jacqueme,Physical Therapy Assistant,87,2011-10-24 08:23:05,170875.10,135590.40,77
891,Susan,Stanmer,Human Resources Manager,49,2019-10-15 08:42:00,111150.48,120747.15,72
892,Clarine,Casero,Help Desk Operator,25,2015-11-22 01:53:22,124144.46,116217.48,62
893,Conrade,Salt,Administrative Officer,54,2010-12-08 01:18:38,118031.14,176390.77,62
894,Merissa,Stansbie,Financial Analyst,51,2014-05-15 14:24:42,150149.85,135451.92,98
895,Andi,Hartley,Senior Financial Analyst,77,2013-03-07 04:14:30,177188.27,108266.00,37
896,Elihu,Wandrach,Junior Executive,96,2009-08-22 22:04:53,136265.57,113315.19,76
897,Maxwell,Ponten,Account Coordinator,49,2017-08-14 13:04:05,156149.66,120624.71,79
898,Tony,Tebbett,Recruiting Manager,99,2016-12-07 20:10:32,159999.79,157170.48,51
899,Lorrin,Simacek,Assistant Professor,24,2012-05-24 09:24:43,122324.37,167757.73,59
900,Fransisco,Adney,Project Manager,24,2018-04-22 11:34:09,180676.55,145648.50,70
901,Meade,Mangenot,Quality Control Specialist,57,2010-12-14 21:15:34,126750.62,124342.40,79
902,Elenore,Lovart,Occupational Therapist,59,2010-08-28 11:21:00,150128.81,149752.64,46
903,Antin,Penritt,Food Chemist,64,2017-03-17 09:16:27,140001.94,135812.72,59
904,Goraud,Lempel,Executive Secretary,96,2010-09-23 07:11:14,156102.80,104198.93,58
905,Olivette,Brownsmith,Research Nurse,11,2016-01-25 22:01:34,140944.24,131799.03,70
906,Thomasine,Osmar,Financial Advisor,78,2010-01-14 03:42:43,108898.19,123051.27,15
907,Prudy,Stopp,Analog Circuit Design manager,27,2013-05-19 15:24:19,149211.12,155649.25,34
908,Dianna,Van Oord,Financial Advisor,65,2020-05-13 01:05:11,158570.10,138878.26,63
909,Donaugh,Wankling,Marketing Assistant,41,2013-12-24 10:21:13,133021.52,163526.40,33
910,Fanny,Leuchars,Structural Analysis Engineer,25,2017-10-23 19:03:37,137928.43,142334.98,59
911,Norbert,Sollowaye,Actuary,20,2014-06-18 09:58:12,108953.40,182718.63,63
912,Melloney,Valde,Environmental Specialist,33,2016-05-30 23:17:40,136094.82,113248.07,30
913,Malynda,Gilliard,Structural Engineer,86,2013-01-14 12:00:10,151834.97,121190.49,65
914,Emory,Walshe,VP Sales,90,2018-07-12 18:44:20,134198.98,162364.07,35
915,Nico,Cowern,Geologist II,93,2018-05-28 16:35:14,121479.88,104556.30,24
916,Hyman,Shippam,Tax Accountant,30,2018-07-30 17:54:36,166605.35,130350.59,21
917,Lira,Remnant,Cost Accountant,25,2011-12-01 02:06:36,137073.07,149193.04,59
918,Latrina,Fitt,Food Chemist,45,2011-10-19 02:50:18,161873.46,120827.62,54
919,Rustin,Whenman,Clinical Specialist,87,2016-09-21 07:29:57,154114.28,166074.33,30
920,Clywd,Strainge,Director of Sales,65,2010-07-17 12:53:47,153437.08,104254.25,46
921,Fay,Petworth,Account Executive,41,2016-11-10 03:21:16,120655.97,141166.07,29
922,Alex,O'Scully,Account Representative I,15,2009-10-27 08:48:11,174401.68,179150.84,25
923,Kirby,Barnish,Health Coach II,84,2013-09-01 08:29:07,183307.33,162216.15,74
924,Madalyn,Glabach,Marketing Manager,94,2014-10-16 16:30:16,129121.37,114634.47,22
925,Lonnie,Fidock,Actuary,93,2014-08-28 12:56:54,164574.88,122563.50,19
926,Rochette,Spawell,Editor,29,2015-05-04 05:24:37,107013.03,148431.72,61
927,Ilaire,Delete,Pharmacist,59,2009-11-24 02:46:08,108288.54,125552.61,31
928,Glynnis,Doniso,Clinical Specialist,53,2015-05-13 09:21:45,146766.01,144313.99,90
929,Pablo,Danilovich,Occupational Therapist,89,2016-02-05 23:16:48,177322.82,171331.16,90
930,Billye,Steven,Professor,34,2012-10-25 05:07:02,158051.39,114805.53,55
931,Agace,Ludwell,Chief Design Engineer,44,2014-06-22 11:40:11,153595.67,158555.04,23
932,Vinson,Ashpole,Help Desk Operator,52,2014-12-12 08:49:59,168365.31,103538.95,74
933,Chic,Hannum,Software Engineer IV,12,2017-01-11 19:57:55,130566.14,170036.68,84
934,Franklyn,Hambling,Software Engineer III,99,2016-05-15 12:30:15,151755.91,158294.42,26
935,Clem,Seares,Geologist III,15,2020-04-10 23:02:31,166145.00,110915.59,43
936,Renie,Doonican,Business Systems Development Analyst,83,2016-06-04 22:54:52,109788.88,140196.11,83
937,Rodge,Deer,Quality Control Specialist,27,2011-02-02 21:02:40,103020.42,142181.61,41
938,Jamesy,Hughson,Senior Sales Associate,57,2013-08-23 03:43:59,177017.02,156896.46,15
939,Danell,Hacking,VP Sales,73,2017-11-24 22:02:37,147525.63,169440.34,61
940,Sibilla,Loffill,VP Quality Control,27,2016-08-27 05:41:45,145569.59,119413.41,85
941,Becky,Sowley,Account Executive,29,2014-12-20 19:27:01,141952.11,128569.92,62
942,Anstice,Drakeford,Web Designer II,94,2010-04-22 05:42:55,114373.59,173578.03,54
943,Gaspar,Brent,Staff Scientist,96,2015-11-15 05:42:32,173964.11,121745.92,50
944,Kikelia,McAteer,Occupational Therapist,58,2018-02-20 07:31:37,181253.79,131368.09,82
945,Pet,Cragell,Senior Developer,70,2017-08-17 03:07:09,124217.16,114418.28,65
946,Cybil,Wardale,Technical Writer,29,2013-03-30 16:44:15,158357.43,131390.43,79
947,Gilburt,Bamlet,Electrical Engineer,15,2017-08-26 22:40:19,142901.18,175038.76,57
948,Lawton,Gwyther,Health Coach III,100,2012-01-17 00:15:20,153928.00,153081.17,97
949,Blaine,Gatiss,Senior Sales Associate,88,2013-06-23 03:26:54,101837.25,118112.17,84
950,Erda,Klimontovich,Assistant Manager,64,2014-03-06 09:34:24,161460.33,131767.65,81
951,Reuven,Grose,Research Assistant II,95,2019-02-05 02:16:08,159827.53,117022.40,68
952,Nels,Arguile,Assistant Media Planner,33,2013-10-01 14:51:57,176499.76,127980.96,78
953,Portie,Rigardeau,VP Quality Control,58,2011-04-03 11:58:46,108736.93,142138.08,31
954,Patty,Jedrzejewicz,Pharmacist,10,2011-01-02 21:35:18,157995.65,140729.25,22
955,Christalle,Gaskill,Web Designer III,62,2020-03-06 04:36:11,118523.84,145278.51,38
956,Allix,Di Matteo,Teacher,62,2017-10-04 17:40:48,137679.87,148391.20,37
957,Spencer,Enders,Account Executive,57,2018-09-14 13:19:51,170175.49,150509.29,59
958,Debora,Fydoe,Geological Engineer,26,2016-03-21 14:03:30,136739.78,151038.62,40
959,Bettina,Sailor,Human Resources Manager,14,2015-04-13 18:02:28,116836.15,129678.77,13
960,Lucy,Alenikov,Safety Technician III,41,2011-04-12 13:51:57,150013.18,112309.78,37
961,Georgianna,Guare,Help Desk Operator,67,2016-04-30 17:10:38,129376.29,127808.16,71
962,Marrissa,Standen,Marketing Manager,94,2016-04-03 18:03:14,139501.87,116464.66,24
963,Sallee,Garwill,Operator,22,2010-12-25 21:52:47,178500.74,106970.89,34
964,Bunny,Risom,Senior Sales Associate,57,2019-07-08 13:48:22,119038.52,172837.20,82
965,Antonina,Streak,Senior Developer,51,2010-07-16 05:00:57,113817.47,107341.03,39
966,Ad,Joist,Accounting Assistant III,20,2017-06-21 10:35:35,125114.36,124465.40,38
967,Keelby,Tyce,Paralegal,90,2013-06-12 01:38:48,100968.56,142251.35,80
968,Mitchael,Offin,VP Marketing,46,2017-12-20 03:30:53,111023.87,103604.99,11
969,Shelton,Heal,Senior Sales Associate,60,2009-07-13 05:27:42,139301.31,140277.01,28
970,Faina,Rawkesby,VP Accounting,56,2013-01-12 12:58:52,179988.58,121513.23,28
971,Modestia,Duffet,VP Quality Control,12,2018-09-20 12:11:13,152789.59,114195.92,86
972,Bryon,Beasley,Media Manager I,81,2016-11-01 17:15:13,133662.69,149126.60,61
973,Gregorius,Hugonin,Web Designer I,26,2017-11-05 04:28:23,138000.67,108384.13,68
974,Joachim,Durnill,Social Worker,92,2013-06-01 23:50:29,124185.07,125231.01,40
975,Tory,Desquesnes,Business Systems Development Analyst,66,2019-04-02 12:41:16,167691.36,106727.02,69
976,Galina,Boutcher,Compensation Analyst,35,2009-12-25 08:36:56,142203.86,120601.58,49
977,Alana,Djakovic,Sales Representative,24,2018-12-02 08:07:43,136178.73,162702.57,96
978,Erika,Lishman,Environmental Specialist,100,2013-07-02 01:21:46,118847.71,118715.17,55
979,Conrado,Massei,Accounting Assistant II,45,2013-10-16 16:15:53,121693.24,107778.92,50
980,Nona,Terese,Health Coach III,12,2009-08-01 17:31:05,123517.31,105530.46,72
981,Berni,Riepl,Nurse,51,2018-03-12 08:05:14,133644.13,117501.39,29
982,Dukie,Stollery,VP Accounting,87,2013-01-26 18:48:26,143638.96,114707.91,91
983,Kirstyn,Ripping,Mechanical Systems Engineer,96,2010-08-11 00:01:43,130222.73,130434.88,72
984,Noah,Isakovic,Staff Accountant I,14,2010-02-28 21:43:24,143915.49,177273.90,45
985,Carlynne,MacKenney,Environmental Specialist,45,2009-05-24 09:28:17,118431.28,127836.66,92
986,Ira,Geater,Account Coordinator,42,2015-08-08 07:38:40,124441.64,168254.20,55
987,Cassandre,Andrioli,Structural Analysis Engineer,50,2015-01-21 19:05:29,129325.99,140236.16,24
988,Gretta,Deverock,Financial Advisor,18,2011-06-07 03:34:01,149008.83,136695.37,32
989,Jerome,Kerkham,Director of Sales,30,2010-09-05 21:49:15,173258.26,147258.05,25
990,Rockie,Moulsdall,Actuary,19,2009-12-16 21:39:42,170366.01,106300.23,89
991,Joceline,Rickaert,Computer Systems Analyst IV,46,2011-07-21 12:53:07,150864.78,151699.37,37
992,Klaus,Belding,Nuclear Power Engineer,56,2018-01-04 06:29:49,122083.76,139477.20,100
993,Kendell,Tourot,Software Engineer III,38,2012-05-02 22:39:08,154679.41,177592.79,82
994,Coraline,Oxlade,Senior Sales Associate,67,2019-02-04 05:41:17,165271.40,112124.22,72
995,Chiarra,Salmons,Design Engineer,13,2010-08-18 20:12:21,100374.23,151492.27,47
996,Lida,Ciciotti,Accountant II,67,2016-05-13 12:41:31,162753.02,180919.60,34
997,Saul,Worley,Research Associate,19,2015-07-16 08:48:09,119215.00,132128.09,23
998,Bealle,Trewartha,Senior Quality Engineer,82,2011-10-17 14:26:53,180963.10,115312.42,27
999,Feliza,Bacop,Senior Sales Associate,51,2012-08-10 23:40:18,160224.34,180426.14,44
1000,Lief,Nolli,Software Test Engineer III,41,2018-05-27 06:02:42,175903.36,109602.47,17
